0,  400
1,  400
2,  409
3,  400
4,  400
5,  409
6,  409
7,  409
8,  409
9,  409
10,  409
11,  409
12,  409
13,  409
14,  409
15,  409
16,  409
17,  409
18,  409
19,  162
20,  158
21,  158
22,  194
23,  194
24,  158
25,  138
26,  162
27,  403
28,  403
29,  403
30,  403
31,  403
32,  403
33,  403
34,  403
35,  481
36,  484
37,  484
38,  480
39,  481
40,  480
41,  480
42,  481
43,  480
44,  480
45,  480
46,  481
47,  190
48,  480
49,  484
50,  158
51,  158
52,  194
53,  194
54,  158
55,  138
56,  158
57,  158
58,  194
59,  194
60,  194
61,  194
62,  194
63,  194
64,  194
65,  194
66,  198
67,  485
68,  400
69,  400
70,  409
71,  409
72,  403
73,  198
74,  484
75,  198
76,  403
77,  403
78,  403
79,  403
80,  403
81,  403
82,  403
83,  403
84,  484
85,  198
86,  105
87,  105
88,  105
89,  105
90,  485
91,  485
92,  198
93,  484
94,  198
95,  480
96,  485
97,  480
98,  485
99,  480
100,  485
101,  103
102,  103
103,  484
104,  198
105,  484
106,  198
107,  166
108,  485
109,  485
110,  485
111,  484
112,  484
113,  484
114,  198
115,  198
116,  484
117,  198
118,  485
119,  485
120,  198
121,  484
122,  198
123,  484
124,  198
125,  485
126,  485
127,  198
128,  484
129,  198
130,  484
131,  198
132,  198
133,  198
134,  198
135,  198
136,  485
137,  485
138,  198
139,  484
140,  198
141,  484
142,  198
143,  485
144,  198
145,  119
146,  198
147,  119
148,  119
149,  484
150,  484
151,  484
152,  119
153,  198
154,  119
155,  484
156,  198
157,  485
158,  198
159,  484
160,  484
161,  484
162,  198
163,  484
164,  159
165,  198
166,  119
167,  119
168,  119
169,  119
170,  119
171,  119
172,  119
173,  485
174,  485
175,  485
176,  119
177,  119
178,  119
179,  484
180,  484
181,  480
182,  484
183,  480
184,  484
185,  480
186,  484
187,  480
188,  484
189,  480
190,  484
191,  485
192,  159
193,  481
194,  484
195,  484
196,  484
197,  485
198,  194
199,  158
200,  194
201,  194
202,  194
203,  194
204,  162
205,  158
206,  198
207,  485
208,  484
209,  194
210,  158
211,  194
212,  194
213,  194
214,  194
215,  162
216,  158
217,  198
218,  480
219,  485
220,  485
221,  484
222,  484
223,  484
224,  194
225,  158
226,  194
227,  194
228,  194
229,  194
230,  162
231,  158
232,  194
233,  194
234,  194
235,  194
236,  194
237,  198
238,  119
239,  484
240,  484
241,  480
242,  485
243,  198
244,  198
245,  484
246,  484
247,  484
248,  484
249,  461
250,  198
251,  198
252,  198
253,  484
254,  198
255,  485
256,  485
257,  485
258,  138
259,  198
260,  484
261,  198
262,  484
263,  194
264,  198
265,  485
266,  198
267,  484
268,  198
269,  119
270,  484
271,  484
272,  198
273,  119
274,  119
275,  485
276,  198
277,  198
278,  484
279,  484
280,  484
281,  198
282,  484
283,  198
284,  485
285,  198
286,  484
287,  198
288,  484
289,  484
290,  198
291,  485
292,  198
293,  484
294,  198
295,  484
296,  119
297,  484
298,  484
299,  484
300,  484
301,  484
302,  484
303,  194
304,  166
305,  119
306,  119
307,  485
308,  198
309,  484
310,  198
311,  484
312,  484
313,  198
314,  485
315,  198
316,  484
317,  198
318,  484
319,  198
320,  198
321,  198
322,  485
323,  198
324,  484
325,  119
326,  194
327,  198
328,  119
329,  119
330,  484
331,  484
332,  194
333,  198
334,  484
335,  194
336,  194
337,  194
338,  484
339,  485
340,  194
341,  194
342,  194
343,  194
344,  198
345,  480
346,  484
347,  485
348,  194
349,  194
350,  194
351,  194
352,  198
353,  484
354,  484
355,  484
356,  119
357,  194
358,  194
359,  194
360,  194
361,  194
362,  194
363,  194
364,  194
365,  194
366,  194
367,  198
368,  119
369,  119
370,  119
371,  484
372,  119
373,  194
374,  194
375,  194
376,  194
377,  194
378,  194
379,  194
380,  194
381,  194
382,  194
383,  194
384,  198
385,  485
386,  485
387,  485
388,  484
389,  198
390,  484
391,  198
392,  485
393,  198
394,  484
395,  198
396,  484
397,  198
398,  166
399,  485
400,  198
401,  119
402,  484
403,  484
404,  198
405,  119
406,  119
407,  484
408,  198
409,  198
410,  104
411,  485
412,  198
413,  484
414,  484
415,  484
416,  198
417,  484
418,  484
419,  484
420,  198
421,  485
422,  198
423,  198
424,  198
425,  484
426,  198
427,  484
428,  484
429,  484
430,  484
431,  484
432,  484
433,  198
434,  485
435,  198
436,  484
437,  194
438,  198
439,  484
440,  198
441,  485
442,  198
443,  484
444,  198
445,  484
446,  485
447,  484
448,  198
449,  484
450,  484
451,  484
452,  198
453,  485
454,  198
455,  484
456,  480
457,  484
458,  162
459,  481
460,  484
461,  481
462,  484
463,  162
464,  225
465,  225
466,  481
467,  484
468,  115
469,  158
470,  194
471,  194
472,  158
473,  162
474,  194
475,  198
476,  480
477,  485
478,  484
479,  158
480,  194
481,  194
482,  158
483,  162
484,  194
485,  194
486,  194
487,  194
488,  198
489,  484
490,  158
491,  194
492,  194
493,  158
494,  162
495,  194
496,  194
497,  194
498,  194
499,  198
500,  198
501,  198
502,  485
503,  485
504,  484
505,  484
506,  194
507,  194
508,  198
509,  485
510,  484
511,  194
512,  194
513,  194
514,  194
515,  194
516,  198
517,  484
518,  198
519,  485
520,  198
521,  198
522,  198
523,  194
524,  484
525,  198
526,  198
527,  484
528,  198
529,  485
530,  485
531,  198
532,  484
533,  198
534,  484
535,  484
536,  484
537,  198
538,  485
539,  198
540,  484
541,  198
542,  484
543,  484
544,  484
545,  484
546,  198
547,  485
548,  485
549,  198
550,  484
551,  198
552,  484
553,  198
554,  198
555,  166
556,  484
557,  198
558,  484
559,  198
560,  485
561,  485
562,  485
563,  485
564,  484
565,  194
566,  198
567,  484
568,  198
569,  485
570,  198
571,  484
572,  198
573,  480
574,  485
575,  480
576,  485
577,  480
578,  485
579,  194
580,  198
581,  484
582,  198
583,  484
584,  484
585,  484
586,  484
587,  484
588,  198
589,  194
590,  485
591,  198
592,  484
593,  484
594,  484
595,  484
596,  484
597,  484
598,  484
599,  484
600,  198
601,  481
602,  484
603,  194
604,  198
605,  484
606,  484
607,  194
608,  198
609,  194
610,  194
611,  194
612,  194
613,  198
614,  485
615,  485
616,  485
617,  485
618,  484
619,  484
620,  484
621,  194
622,  194
623,  194
624,  194
625,  194
626,  198
627,  484
628,  484
629,  484
630,  484
631,  485
632,  484
633,  484
634,  484
635,  484
636,  194
637,  194
638,  194
639,  194
640,  194
641,  194
642,  194
643,  194
644,  194
645,  198
646,  484
647,  484
648,  485
649,  485
650,  485
651,  194
652,  198
653,  484
654,  194
655,  166
656,  484
657,  484
658,  198
659,  125
660,  125
661,  125
662,  125
663,  125
664,  485
665,  484
666,  195
667,  543
668,  195
669,  195
670,  195
671,  195
672,  158
673,  194
674,  198
675,  484
676,  484
677,  484
678,  198
679,  484
680,  195
681,  195
682,  485
683,  195
684,  480
685,  268
686,  480
687,  268
688,  480
689,  194
690,  194
691,  194
692,  194
693,  260
694,  198
695,  138
696,  485
697,  198
698,  198
699,  484
700,  198
701,  195
702,  484
703,  198
704,  485
705,  198
706,  484
707,  484
708,  484
709,  484
710,  198
711,  484
712,  294
713,  290
714,  485
715,  194
716,  194
717,  290
718,  194
719,  194
720,  290
721,  194
722,  194
723,  290
724,  194
725,  194
726,  290
727,  134
728,  484
729,  134
730,  484
731,  134
732,  484
733,  484
734,  198
735,  195
736,  484
737,  198
738,  485
739,  485
740,  198
741,  484
742,  198
743,  484
744,  162
745,  158
746,  198
747,  485
748,  198
749,  484
750,  484
751,  484
752,  198
753,  166
754,  484
755,  484
756,  198
757,  485
758,  484
759,  198
760,  484
761,  198
762,  485
763,  194
764,  194
765,  194
766,  194
767,  198
768,  162
769,  480
770,  484
771,  198
772,  481
773,  484
774,  190
775,  484
776,  198
777,  485
778,  194
779,  484
780,  194
781,  194
782,  194
783,  194
784,  194
785,  194
786,  198
787,  484
788,  484
789,  484
790,  198
791,  485
792,  485
793,  485
794,  198
795,  484
796,  484
797,  484
798,  198
799,  484
800,  198
801,  485
802,  198
803,  484
804,  484
805,  484
806,  484
807,  198
808,  484
809,  484
810,  484
811,  198
812,  485
813,  198
814,  198
815,  198
816,  198
817,  484
818,  484
819,  484
820,  485
821,  194
822,  198
823,  198
824,  166
825,  484
826,  198
827,  484
828,  198
829,  485
830,  485
831,  485
832,  91
833,  91
834,  91
835,  91
836,  91
837,  91
838,  91
839,  484
840,  198
841,  484
842,  198
843,  485
844,  485
845,  485
846,  484
847,  484
848,  484
849,  198
850,  198
851,  484
852,  198
853,  198
854,  485
855,  198
856,  147
857,  484
858,  147
859,  198
860,  194
861,  484
862,  484
863,  484
864,  198
865,  198
866,  485
867,  198
868,  484
869,  484
870,  484
871,  198
872,  484
873,  484
874,  484
875,  484
876,  484
877,  485
878,  485
879,  485
880,  198
881,  484
882,  484
883,  484
884,  484
885,  484
886,  484
887,  194
888,  198
889,  194
890,  194
891,  198
892,  484
893,  484
894,  484
895,  484
896,  484
897,  194
898,  194
899,  198
900,  485
901,  485
902,  194
903,  194
904,  194
905,  194
906,  198
907,  194
908,  194
909,  194
910,  194
911,  198
912,  194
913,  194
914,  194
915,  194
916,  194
917,  158
918,  158
919,  166
920,  481
921,  484
922,  194
923,  194
924,  194
925,  194
926,  194
927,  158
928,  158
929,  166
930,  485
931,  123
932,  480
933,  481
934,  480
935,  480
936,  485
937,  480
938,  481
939,  480
940,  480
941,  485
942,  480
943,  481
944,  480
945,  480
946,  485
947,  480
948,  485
949,  480
950,  485
951,  480
952,  485
953,  484
954,  484
955,  484
956,  194
957,  194
958,  194
959,  194
960,  194
961,  158
962,  158
963,  162
964,  158
965,  194
966,  194
967,  194
968,  194
969,  194
970,  194
971,  194
972,  198
973,  484
974,  169
975,  485
976,  485
977,  485
978,  123
979,  484
980,  484
981,  484
982,  484
983,  115
984,  194
985,  194
986,  194
987,  194
988,  194
989,  158
990,  158
991,  194
992,  198
993,  632
994,  484
995,  484
996,  484
997,  198
998,  485
999,  485
1000,  485
1001,  198
1002,  198
1003,  194
1004,  194
1005,  194
1006,  414
1007,  484
1008,  484
1009,  639
1010,  484
1011,  198
1012,  115
1013,  162
1014,  480
1015,  485
1016,  1533
1017,  1533
1018,  2966
1019,  194
1020,  198
1021,  115
1022,  115
1023,  115
1024,  194
1025,  198
1026,  484
1027,  198
1028,  484
1029,  484
1030,  484
1031,  484
1032,  461
1033,  198
1034,  485
1035,  198
1036,  179
1037,  484
1038,  484
1039,  484
1040,  198
1041,  1483
1042,  1483
1043,  1483
1044,  1483
1045,  1483
1046,  1483
1047,  1483
1048,  1483
1049,  1483
1050,  484
1051,  198
1052,  485
1053,  485
1054,  198
1055,  484
1056,  115
1057,  484
1058,  484
1059,  1483
1060,  198
1061,  484
1062,  198
1063,  198
1064,  127
1065,  1483
1066,  1483
1067,  1483
1068,  1483
1069,  485
1070,  198
1071,  198
1072,  198
1073,  484
1074,  639
1075,  198
1076,  639
1077,  639
1078,  639
1079,  639
1080,  639
1081,  194
1082,  162
1083,  198
1084,  127
1085,  484
1086,  198
1087,  1483
1088,  1483
1089,  484
1090,  484
1091,  198
1092,  485
1093,  127
1094,  198
1095,  1483
1096,  1483
1097,  1483
1098,  1483
1099,  1483
1100,  1483
1101,  1483
1102,  1483
1103,  484
1104,  484
1105,  198
1106,  198
1107,  162
1108,  162
1109,  162
1110,  147
1111,  147
1112,  162
1113,  162
1114,  162
1115,  147
1116,  158
1117,  162
1118,  135
1119,  481
1120,  480
1121,  484
1122,  190
1123,  481
1124,  480
1125,  480
1126,  481
1127,  480
1128,  480
1129,  485
1130,  1483
1131,  1483
1132,  162
1133,  194
1134,  194
1135,  194
1136,  194
1137,  198
1138,  194
1139,  198
1140,  194
1141,  198
1142,  198
1143,  198
1144,  484
1145,  484
1146,  198
1147,  480
1148,  485
1149,  198
1150,  484
1151,  135
1152,  484
1153,  1483
1154,  1483
1155,  1483
1156,  194
1157,  194
1158,  198
1159,  484
1160,  484
1161,  198
1162,  123
1163,  485
1164,  198
1165,  484
1166,  198
1167,  123
1168,  115
1169,  135
1170,  135
1171,  253
1172,  1483
1173,  1483
1174,  484
1175,  95
1176,  95
1177,  95
1178,  95
1179,  95
1180,  95
1181,  95
1182,  198
1183,  166
1184,  485
1185,  198
1186,  115
1187,  1563
1188,  2543
1189,  484
1190,  484
1191,  484
1192,  115
1193,  115
1194,  115
1195,  198
1196,  484
1197,  127
1198,  115
1199,  1483
1200,  1483
1201,  1483
1202,  1483
1203,  158
1204,  198
1205,  1483
1206,  1483
1207,  15629
1208,  485
1209,  198
1210,  95
1211,  484
1212,  484
1213,  241
1214,  95
1215,  95
1216,  95
1217,  198
1218,  95
1219,  484
1220,  198
1221,  121
1222,  121
1223,  160
1224,  160
1225,  160
1226,  485
1227,  115
1228,  115
1229,  198
1230,  115
1231,  115
1232,  115
1233,  484
1234,  198
1235,  484
1236,  198
1237,  190
1238,  485
1239,  198
1240,  198
1241,  484
1242,  198
1243,  348
1244,  484
1245,  484
1246,  198
1247,  485
1248,  485
1249,  128
1250,  198
1251,  484
1252,  522
1253,  198
1254,  484
1255,  484
1256,  484
1257,  95
1258,  198
1259,  127
1260,  485
1261,  485
1262,  198
1263,  1483
1264,  1483
1265,  484
1266,  484
1267,  123
1268,  162
1269,  198
1270,  485
1271,  485
1272,  198
1273,  198
1274,  198
1275,  198
1276,  162
1277,  480
1278,  484
1279,  158
1280,  194
1281,  198
1282,  162
1283,  158
1284,  162
1285,  162
1286,  162
1287,  158
1288,  162
1289,  162
1290,  115
1291,  123
1292,  481
1293,  484
1294,  484
1295,  480
1296,  481
1297,  480
1298,  480
1299,  481
1300,  484
1301,  480
1302,  481
1303,  480
1304,  480
1305,  481
1306,  484
1307,  115
1308,  253
1309,  484
1310,  194
1311,  194
1312,  194
1313,  194
1314,  194
1315,  194
1316,  194
1317,  194
1318,  198
1319,  115
1320,  485
1321,  1563
1322,  2543
1323,  115
1324,  115
1325,  198
1326,  484
1327,  198
1328,  484
1329,  198
1330,  194
1331,  485
1332,  198
1333,  241
1334,  484
1335,  198
1336,  138
1337,  122
1338,  484
1339,  198
1340,  121
1341,  160
1342,  485
1343,  198
1344,  145
1345,  145
1346,  484
1347,  198
1348,  484
1349,  198
1350,  485
1351,  198
1352,  484
1353,  198
1354,  198
1355,  198
1356,  484
1357,  198
1358,  389
1359,  485
1360,  198
1361,  484
1362,  194
1363,  198
1364,  484
1365,  198
1366,  485
1367,  485
1368,  198
1369,  484
1370,  198
1371,  166
1372,  484
1373,  198
1374,  485
1375,  485
1376,  162
1377,  485
1378,  198
1379,  484
1380,  198
1381,  198
1382,  484
1383,  484
1384,  484
1385,  194
1386,  198
1387,  485
1388,  198
1389,  484
1390,  198
1391,  484
1392,  198
1393,  485
1394,  485
1395,  485
1396,  198
1397,  198
1398,  198
1399,  198
1400,  484
1401,  484
1402,  484
1403,  194
1404,  198
1405,  194
1406,  194
1407,  198
1408,  484
1409,  484
1410,  484
1411,  198
1412,  198
1413,  481
1414,  484
1415,  194
1416,  158
1417,  194
1418,  198
1419,  484
1420,  345
1421,  1209
1422,  198
1423,  162
1424,  115
1425,  162
1426,  162
1427,  162
1428,  481
1429,  484
1430,  194
1431,  198
1432,  480
1433,  481
1434,  484
1435,  127
1436,  480
1437,  485
1438,  162
1439,  198
1440,  198
1441,  194
1442,  198
1443,  198
1444,  484
1445,  198
1446,  484
1447,  484
1448,  198
1449,  145
1450,  485
1451,  225
1452,  198
1453,  225
1454,  225
1455,  225
1456,  225
1457,  115
1458,  198
1459,  484
1460,  484
1461,  484
1462,  195
1463,  195
1464,  194
1465,  166
1466,  195
1467,  195
1468,  195
1469,  195
1470,  195
1471,  195
1472,  195
1473,  195
1474,  195
1475,  484
1476,  103
1477,  195
1478,  146
1479,  115
1480,  115
1481,  162
1482,  103
1483,  103
1484,  485
1485,  485
1486,  484
1487,  484
1488,  115
1489,  194
1490,  162
1491,  194
1492,  194
1493,  198
1494,  484
1495,  194
1496,  162
1497,  194
1498,  194
1499,  194
1500,  198
1501,  485
1502,  198
1503,  484
1504,  484
1505,  484
1506,  484
1507,  198
1508,  485
1509,  194
1510,  198
1511,  480
1512,  194
1513,  198
1514,  198
1515,  484
1516,  198
1517,  115
1518,  103
1519,  485
1520,  198
1521,  484
1522,  198
1523,  484
1524,  484
1525,  484
1526,  198
1527,  198
1528,  198
1529,  198
1530,  198
1531,  485
1532,  198
1533,  484
1534,  198
1535,  484
1536,  198
1537,  485
1538,  198
1539,  484
1540,  484
1541,  484
1542,  484
1543,  198
1544,  484
1545,  198
1546,  485
1547,  198
1548,  484
1549,  484
1550,  198
1551,  484
1552,  198
1553,  639
1554,  485
1555,  198
1556,  484
1557,  484
1558,  194
1559,  166
1560,  484
1561,  484
1562,  485
1563,  194
1564,  166
1565,  481
1566,  484
1567,  484
1568,  194
1569,  166
1570,  484
1571,  194
1572,  166
1573,  481
1574,  484
1575,  481
1576,  484
1577,  481
1578,  484
1579,  484
1580,  480
1581,  485
1582,  194
1583,  162
1584,  194
1585,  158
1586,  194
1587,  480
1588,  485
1589,  484
1590,  194
1591,  162
1592,  194
1593,  158
1594,  194
1595,  194
1596,  194
1597,  194
1598,  194
1599,  198
1600,  480
1601,  485
1602,  480
1603,  485
1604,  190
1605,  484
1606,  484
1607,  194
1608,  162
1609,  194
1610,  158
1611,  194
1612,  194
1613,  194
1614,  194
1615,  194
1616,  194
1617,  194
1618,  194
1619,  198
1620,  485
1621,  485
1622,  485
1623,  198
1624,  484
1625,  198
1626,  198
1627,  484
1628,  484
1629,  198
1630,  485
1631,  485
1632,  198
1633,  484
1634,  484
1635,  226
1636,  198
1637,  103
1638,  103
1639,  103
1640,  484
1641,  198
1642,  198
1643,  485
1644,  485
1645,  198
1646,  484
1647,  484
1648,  198
1649,  480
1650,  485
1651,  480
1652,  485
1653,  480
1654,  485
1655,  480
1656,  485
1657,  158
1658,  194
1659,  198
1660,  484
1661,  484
1662,  484
1663,  198
1664,  484
1665,  198
1666,  485
1667,  485
1668,  198
1669,  484
1670,  484
1671,  484
1672,  194
1673,  166
1674,  484
1675,  198
1676,  485
1677,  485
1678,  162
1679,  198
1680,  484
1681,  198
1682,  484
1683,  198
1684,  485
1685,  198
1686,  484
1687,  198
1688,  484
1689,  198
1690,  190
1691,  485
1692,  198
1693,  484
1694,  198
1695,  484
1696,  198
1697,  485
1698,  198
1699,  147
1700,  484
1701,  198
1702,  480
1703,  485
1704,  480
1705,  485
1706,  198
1707,  484
1708,  484
1709,  194
1710,  194
1711,  194
1712,  194
1713,  198
1714,  485
1715,  485
1716,  485
1717,  485
1718,  481
1719,  484
1720,  484
1721,  194
1722,  194
1723,  194
1724,  194
1725,  194
1726,  158
1727,  194
1728,  194
1729,  198
1730,  485
1731,  194
1732,  194
1733,  194
1734,  194
1735,  194
1736,  158
1737,  194
1738,  194
1739,  198
1740,  480
1741,  484
1742,  129
1743,  485
1744,  194
1745,  194
1746,  194
1747,  194
1748,  194
1749,  158
1750,  194
1751,  194
1752,  194
1753,  194
1754,  158
1755,  194
1756,  194
1757,  194
1758,  166
1759,  484
1760,  198
1761,  484
1762,  183
1763,  226
1764,  198
1765,  103
1766,  485
1767,  484
1768,  198
1769,  123
1770,  123
1771,  484
1772,  115
1773,  198
1774,  168
1775,  115
1776,  198
1777,  484
1778,  129
1779,  198
1780,  115
1781,  156
1782,  156
1783,  156
1784,  484
1785,  480
1786,  194
1787,  115
1788,  162
1789,  481
1790,  484
1791,  198
1792,  481
1793,  484
1794,  198
1795,  198
1796,  484
1797,  484
1798,  208
1799,  198
1800,  115
1801,  485
1802,  198
1803,  145
1804,  484
1805,  484
1806,  484
1807,  484
1808,  136
1809,  198
1810,  133
1811,  133
1812,  484
1813,  198
1814,  198
1815,  115
1816,  484
1817,  198
1818,  484
1819,  198
1820,  485
1821,  485
1822,  198
1823,  484
1824,  484
1825,  484
1826,  484
1827,  198
1828,  484
1829,  198
1830,  485
1831,  198
1832,  484
1833,  484
1834,  484
1835,  484
1836,  198
1837,  485
1838,  485
1839,  485
1840,  485
1841,  198
1842,  166
1843,  484
1844,  198
1845,  393
1846,  999
1847,  1801
1848,  1801
1849,  138
1850,  138
1851,  395
1852,  421
1853,  425
1854,  484
1855,  134
1856,  138
1857,  198
1858,  485
1859,  198
1860,  484
1861,  484
1862,  484
1863,  480
1864,  484
1865,  480
1866,  484
1867,  198
1868,  198
1869,  198
1870,  146
1871,  485
1872,  293
1873,  999
1874,  395
1875,  115
1876,  115
1877,  480
1878,  484
1879,  194
1880,  142
1881,  194
1882,  198
1883,  198
1884,  190
1885,  138
1886,  304
1887,  485
1888,  138
1889,  285
1890,  134
1891,  185
1892,  484
1893,  198
1894,  484
1895,  138
1896,  480
1897,  481
1898,  541
1899,  480
1900,  481
1901,  281
1902,  147
1903,  134
1904,  194
1905,  198
1906,  2358
1907,  1582
1908,  1444
1909,  134
1910,  484
1911,  162
1912,  134
1913,  484
1914,  522
1915,  480
1916,  485
1917,  198
1918,  198
1919,  198
1920,  299
1921,  416
1922,  416
1923,  416
1924,  586
1925,  1054
1926,  480
1927,  138
1928,  111
1929,  138
1930,  169
1931,  138
1932,  126
1933,  126
1934,  484
1935,  484
1936,  484
1937,  484
1938,  198
1939,  485
1940,  485
1941,  485
1942,  198
1943,  484
1944,  484
1945,  484
1946,  198
1947,  484
1948,  484
1949,  484
1950,  484
1951,  198
1952,  485
1953,  198
1954,  484
1955,  484
1956,  198
1957,  454
1958,  136
1959,  484
1960,  198
1961,  119
1962,  119
1963,  119
1964,  119
1965,  166
1966,  485
1967,  198
1968,  392
1969,  392
1970,  392
1971,  425
1972,  395
1973,  1772
1974,  999
1975,  484
1976,  484
1977,  485
1978,  484
1979,  484
1980,  484
1981,  421
1982,  421
1983,  1025
1984,  1025
1985,  194
1986,  194
1987,  198
1988,  134
1989,  134
1990,  138
1991,  138
1992,  198
1993,  484
1994,  198
1995,  142
1996,  485
1997,  142
1998,  198
1999,  395
2000,  999
2001,  115
2002,  115
2003,  115
2004,  134
2005,  308
2006,  293
2007,  480
2008,  194
2009,  138
2010,  198
2011,  285
2012,  480
2013,  138
2014,  198
2015,  189
2016,  189
2017,  189
2018,  189
2019,  485
2020,  198
2021,  198
2022,  138
2023,  541
2024,  281
2025,  281
2026,  281
2027,  138
2028,  484
2029,  484
2030,  194
2031,  2354
2032,  1586
2033,  1582
2034,  1440
2035,  198
2036,  138
2037,  111
2038,  481
2039,  526
2040,  299
2041,  416
2042,  484
2043,  1050
2044,  590
2045,  198
2046,  138
2047,  138
2048,  138
2049,  138
2050,  138
2051,  484
2052,  198
2053,  138
2054,  169
2055,  138
2056,  126
2057,  126
2058,  485
2059,  485
2060,  485
2061,  198
2062,  146
2063,  146
2064,  484
2065,  484
2066,  484
2067,  198
2068,  115
2069,  162
2070,  162
2071,  162
2072,  162
2073,  162
2074,  158
2075,  158
2076,  158
2077,  162
2078,  158
2079,  162
2080,  162
2081,  480
2082,  485
2083,  485
2084,  484
2085,  162
2086,  480
2087,  480
2088,  481
2089,  480
2090,  480
2091,  485
2092,  194
2093,  198
2094,  198
2095,  194
2096,  198
2097,  194
2098,  194
2099,  198
2100,  198
2101,  485
2102,  194
2103,  198
2104,  999
2105,  999
2106,  999
2107,  1025
2108,  1029
2109,  120
2110,  134
2111,  138
2112,  395
2113,  421
2114,  425
2115,  484
2116,  484
2117,  484
2118,  395
2119,  134
2120,  138
2121,  134
2122,  138
2123,  134
2124,  138
2125,  198
2126,  115
2127,  484
2128,  242
2129,  198
2130,  115
2131,  115
2132,  228
2133,  228
2134,  495
2135,  228
2136,  228
2137,  485
2138,  198
2139,  198
2140,  146
2141,  999
2142,  395
2143,  228
2144,  194
2145,  293
2146,  228
2147,  115
2148,  115
2149,  123
2150,  484
2151,  194
2152,  142
2153,  198
2154,  138
2155,  484
2156,  308
2157,  198
2158,  134
2159,  285
2160,  138
2161,  123
2162,  189
2163,  115
2164,  253
2165,  485
2166,  485
2167,  485
2168,  485
2169,  198
2170,  226
2171,  484
2172,  103
2173,  198
2174,  111
2175,  484
2176,  115
2177,  1563
2178,  2543
2179,  605
2180,  115
2181,  115
2182,  134
2183,  198
2184,  541
2185,  134
2186,  2354
2187,  1582
2188,  1444
2189,  138
2190,  485
2191,  198
2192,  198
2193,  241
2194,  522
2195,  484
2196,  198
2197,  299
2198,  416
2199,  1054
2200,  1050
2201,  590
2202,  138
2203,  138
2204,  484
2205,  198
2206,  138
2207,  169
2208,  138
2209,  126
2210,  126
2211,  121
2212,  160
2213,  115
2214,  485
2215,  198
2216,  158
2217,  484
2218,  115
2219,  198
2220,  228
2221,  484
2222,  198
2223,  188
2224,  115
2225,  485
2226,  138
2227,  198
2228,  115
2229,  484
2230,  198
2231,  198
2232,  198
2233,  123
2234,  484
2235,  198
2236,  485
2237,  198
2238,  485
2239,  204
2240,  123
2241,  115
2242,  253
2243,  484
2244,  198
2245,  431
2246,  136
2247,  484
2248,  484
2249,  484
2250,  198
2251,  166
2252,  160
2253,  115
2254,  120
2255,  115
2256,  115
2257,  1563
2258,  2543
2259,  485
2260,  407
2261,  485
2262,  485
2263,  485
2264,  485
2265,  485
2266,  115
2267,  115
2268,  115
2269,  115
2270,  198
2271,  484
2272,  198
2273,  392
2274,  241
2275,  999
2276,  1025
2277,  1029
2278,  484
2279,  138
2280,  395
2281,  138
2282,  194
2283,  421
2284,  425
2285,  134
2286,  138
2287,  134
2288,  138
2289,  485
2290,  198
2291,  121
2292,  160
2293,  115
2294,  115
2295,  484
2296,  198
2297,  484
2298,  198
2299,  293
2300,  190
2301,  485
2302,  198
2303,  999
2304,  395
2305,  115
2306,  115
2307,  198
2308,  198
2309,  115
2310,  158
2311,  162
2312,  162
2313,  111
2314,  162
2315,  484
2316,  145
2317,  484
2318,  481
2319,  142
2320,  480
2321,  480
2322,  481
2323,  480
2324,  480
2325,  481
2326,  480
2327,  484
2328,  198
2329,  198
2330,  198
2331,  146
2332,  194
2333,  194
2334,  198
2335,  194
2336,  194
2337,  194
2338,  194
2339,  198
2340,  138
2341,  485
2342,  198
2343,  345
2344,  345
2345,  345
2346,  304
2347,  484
2348,  198
2349,  285
2350,  138
2351,  484
2352,  484
2353,  484
2354,  480
2355,  189
2356,  198
2357,  115
2358,  115
2359,  162
2360,  485
2361,  115
2362,  198
2363,  537
2364,  484
2365,  138
2366,  484
2367,  194
2368,  2354
2369,  1586
2370,  138
2371,  485
2372,  198
2373,  484
2374,  138
2375,  138
2376,  198
2377,  138
2378,  454
2379,  138
2380,  484
2381,  484
2382,  484
2383,  198
2384,  120
2385,  485
2386,  485
2387,  198
2388,  484
2389,  198
2390,  775
2391,  775
2392,  775
2393,  775
2394,  775
2395,  299
2396,  480
2397,  138
2398,  586
2399,  1054
2400,  198
2401,  134
2402,  138
2403,  134
2404,  138
2405,  194
2406,  485
2407,  198
2408,  484
2409,  198
2410,  484
2411,  198
2412,  485
2413,  485
2414,  485
2415,  485
2416,  198
2417,  387
2418,  484
2419,  198
2420,  484
2421,  198
2422,  147
2423,  485
2424,  198
2425,  396
2426,  233
2427,  233
2428,  233
2429,  233
2430,  233
2431,  233
2432,  511
2433,  478
2434,  478
2435,  463
2436,  511
2437,  478
2438,  511
2439,  511
2440,  511
2441,  478
2442,  463
2443,  463
2444,  478
2445,  478
2446,  463
2447,  478
2448,  478
2449,  478
2450,  478
2451,  463
2452,  463
2453,  463
2454,  463
2455,  463
2456,  478
2457,  463
2458,  484
2459,  484
2460,  484
2461,  198
2462,  138
2463,  138
2464,  138
2465,  138
2466,  138
2467,  484
2468,  198
2469,  390
2470,  123
2471,  485
2472,  485
2473,  229
2474,  109
2475,  484
2476,  1355
2477,  1361
2478,  198
2479,  103
2480,  103
2481,  123
2482,  109
2483,  115
2484,  233
2485,  511
2486,  478
2487,  478
2488,  463
2489,  103
2490,  229
2491,  1355
2492,  1361
2493,  103
2494,  123
2495,  123
2496,  109
2497,  115
2498,  241
2499,  484
2500,  115
2501,  115
2502,  115
2503,  115
2504,  198
2505,  115
2506,  123
2507,  115
2508,  123
2509,  115
2510,  675
2511,  115
2512,  669
2513,  115
2514,  115
2515,  115
2516,  115
2517,  123
2518,  123
2519,  115
2520,  115
2521,  115
2522,  696
2523,  115
2524,  602
2525,  115
2526,  115
2527,  485
2528,  198
2529,  123
2530,  115
2531,  123
2532,  115
2533,  484
2534,  484
2535,  758
2536,  484
2537,  115
2538,  484
2539,  198
2540,  872
2541,  115
2542,  115
2543,  115
2544,  115
2545,  115
2546,  115
2547,  115
2548,  115
2549,  115
2550,  123
2551,  115
2552,  123
2553,  115
2554,  758
2555,  484
2556,  115
2557,  875
2558,  115
2559,  115
2560,  198
2561,  115
2562,  115
2563,  123
2564,  123
2565,  115
2566,  115
2567,  758
2568,  115
2569,  115
2570,  485
2571,  123
2572,  198
2573,  123
2574,  115
2575,  758
2576,  115
2577,  880
2578,  115
2579,  115
2580,  233
2581,  511
2582,  478
2583,  478
2584,  463
2585,  115
2586,  115
2587,  123
2588,  115
2589,  758
2590,  115
2591,  880
2592,  115
2593,  115
2594,  115
2595,  115
2596,  123
2597,  115
2598,  758
2599,  115
2600,  880
2601,  115
2602,  115
2603,  115
2604,  123
2605,  123
2606,  115
2607,  758
2608,  115
2609,  166
2610,  875
2611,  115
2612,  115
2613,  123
2614,  123
2615,  123
2616,  123
2617,  123
2618,  123
2619,  123
2620,  123
2621,  758
2622,  115
2623,  671
2624,  115
2625,  115
2626,  115
2627,  123
2628,  115
2629,  123
2630,  115
2631,  696
2632,  115
2633,  602
2634,  115
2635,  115
2636,  115
2637,  115
2638,  115
2639,  166
2640,  480
2641,  484
2642,  162
2643,  158
2644,  162
2645,  194
2646,  198
2647,  233
2648,  511
2649,  478
2650,  478
2651,  463
2652,  481
2653,  484
2654,  115
2655,  115
2656,  115
2657,  115
2658,  115
2659,  115
2660,  115
2661,  115
2662,  158
2663,  194
2664,  198
2665,  158
2666,  194
2667,  198
2668,  480
2669,  481
2670,  484
2671,  115
2672,  115
2673,  480
2674,  190
2675,  481
2676,  484
2677,  198
2678,  484
2679,  194
2680,  194
2681,  194
2682,  194
2683,  198
2684,  198
2685,  485
2686,  485
2687,  485
2688,  485
2689,  198
2690,  484
2691,  198
2692,  484
2693,  198
2694,  485
2695,  198
2696,  484
2697,  198
2698,  484
2699,  484
2700,  484
2701,  484
2702,  198
2703,  485
2704,  198
2705,  484
2706,  198
2707,  484
2708,  484
2709,  198
2710,  217
2711,  217
2712,  217
2713,  217
2714,  217
2715,  530
2716,  501
2717,  530
2718,  497
2719,  486
2720,  485
2721,  146
2722,  194
2723,  146
2724,  138
2725,  91
2726,  480
2727,  308
2728,  138
2729,  194
2730,  285
2731,  138
2732,  138
2733,  138
2734,  138
2735,  194
2736,  285
2737,  189
2738,  138
2739,  138
2740,  138
2741,  484
2742,  198
2743,  138
2744,  198
2745,  2358
2746,  1582
2747,  138
2748,  217
2749,  91
2750,  91
2751,  526
2752,  299
2753,  416
2754,  484
2755,  484
2756,  590
2757,  590
2758,  198
2759,  1054
2760,  138
2761,  138
2762,  165
2763,  138
2764,  484
2765,  122
2766,  126
2767,  194
2768,  166
2769,  485
2770,  485
2771,  198
2772,  484
2773,  198
2774,  484
2775,  485
2776,  158
2777,  194
2778,  198
2779,  484
2780,  198
2781,  194
2782,  194
2783,  484
2784,  198
2785,  485
2786,  198
2787,  484
2788,  484
2789,  217
2790,  198
2791,  484
2792,  198
2793,  485
2794,  198
2795,  387
2796,  198
2797,  415
2798,  484
2799,  198
2800,  147
2801,  484
2802,  396
2803,  424
2804,  485
2805,  485
2806,  484
2807,  198
2808,  484
2809,  484
2810,  390
2811,  418
2812,  198
2813,  194
2814,  194
2815,  194
2816,  194
2817,  198
2818,  485
2819,  485
2820,  194
2821,  194
2822,  194
2823,  194
2824,  194
2825,  198
2826,  484
2827,  484
2828,  480
2829,  484
2830,  194
2831,  194
2832,  194
2833,  194
2834,  194
2835,  194
2836,  194
2837,  198
2838,  485
2839,  91
2840,  484
2841,  484
2842,  484
2843,  194
2844,  198
2845,  484
2846,  198
2847,  485
2848,  485
2849,  485
2850,  198
2851,  484
2852,  484
2853,  484
2854,  198
2855,  166
2856,  484
2857,  198
2858,  485
2859,  485
2860,  485
2861,  485
2862,  485
2863,  198
2864,  484
2865,  484
2866,  484
2867,  484
2868,  198
2869,  484
2870,  484
2871,  198
2872,  198
2873,  484
2874,  194
2875,  198
2876,  484
2877,  484
2878,  198
2879,  485
2880,  198
2881,  484
2882,  484
2883,  198
2884,  484
2885,  484
2886,  484
2887,  484
2888,  198
2889,  485
2890,  485
2891,  198
2892,  484
2893,  198
2894,  484
2895,  198
2896,  485
2897,  198
2898,  484
2899,  198
2900,  484
2901,  484
2902,  198
2903,  485
2904,  198
2905,  484
2906,  484
2907,  198
2908,  217
2909,  217
2910,  217
2911,  217
2912,  217
2913,  511
2914,  478
2915,  463
2916,  511
2917,  511
2918,  511
2919,  478
2920,  463
2921,  511
2922,  478
2923,  463
2924,  478
2925,  463
2926,  463
2927,  511
2928,  463
2929,  463
2930,  511
2931,  478
2932,  463
2933,  484
2934,  198
2935,  485
2936,  198
2937,  484
2938,  198
2939,  484
2940,  484
2941,  484
2942,  198
2943,  485
2944,  217
2945,  511
2946,  478
2947,  463
2948,  198
2949,  217
2950,  511
2951,  478
2952,  463
2953,  463
2954,  463
2955,  463
2956,  463
2957,  463
2958,  463
2959,  463
2960,  484
2961,  484
2962,  194
2963,  166
2964,  484
2965,  198
2966,  162
2967,  217
2968,  511
2969,  478
2970,  463
2971,  158
2972,  162
2973,  158
2974,  158
2975,  162
2976,  147
2977,  147
2978,  147
2979,  158
2980,  158
2981,  158
2982,  162
2983,  162
2984,  481
2985,  484
2986,  484
2987,  480
2988,  481
2989,  190
2990,  480
2991,  480
2992,  481
2993,  480
2994,  484
2995,  198
2996,  485
2997,  147
2998,  484
2999,  198
3000,  484
3001,  198
3002,  485
3003,  485
3004,  198
3005,  484
3006,  198
3007,  484
3008,  484
3009,  484
3010,  484
3011,  198
3012,  485
3013,  485
3014,  485
3015,  198
3016,  484
3017,  484
3018,  484
3019,  198
3020,  198
3021,  484
3022,  484
3023,  484
3024,  198
3025,  485
3026,  198
3027,  484
3028,  198
3029,  198
3030,  484
3031,  198
3032,  485
3033,  485
3034,  198
3035,  484
3036,  484
3037,  484
3038,  194
3039,  166
3040,  484
3041,  198
3042,  485
3043,  198
3044,  484
3045,  198
3046,  484
3047,  198
3048,  485
3049,  198
3050,  194
3051,  1441
3052,  1441
3053,  484
3054,  198
3055,  226
3056,  103
3057,  103
3058,  103
3059,  103
3060,  103
3061,  103
3062,  484
3063,  484
3064,  198
3065,  485
3066,  198
3067,  127
3068,  1441
3069,  1441
3070,  127
3071,  484
3072,  484
3073,  1441
3074,  1441
3075,  1441
3076,  484
3077,  484
3078,  198
3079,  127
3080,  127
3081,  123
3082,  485
3083,  485
3084,  485
3085,  198
3086,  484
3087,  484
3088,  198
3089,  123
3090,  115
3091,  632
3092,  484
3093,  123
3094,  123
3095,  123
3096,  198
3097,  485
3098,  485
3099,  198
3100,  162
3101,  162
3102,  162
3103,  158
3104,  158
3105,  158
3106,  162
3107,  162
3108,  158
3109,  158
3110,  158
3111,  162
3112,  162
3113,  162
3114,  162
3115,  115
3116,  123
3117,  1533
3118,  1533
3119,  1533
3120,  1533
3121,  484
3122,  1441
3123,  277
3124,  484
3125,  1441
3126,  269
3127,  217
3128,  1441
3129,  1441
3130,  632
3131,  115
3132,  115
3133,  115
3134,  632
3135,  481
3136,  480
3137,  480
3138,  481
3139,  480
3140,  480
3141,  481
3142,  480
3143,  480
3144,  485
3145,  480
3146,  480
3147,  485
3148,  480
3149,  480
3150,  485
3151,  484
3152,  1533
3153,  484
3154,  139
3155,  158
3156,  194
3157,  194
3158,  194
3159,  194
3160,  194
3161,  194
3162,  194
3163,  194
3164,  194
3165,  194
3166,  194
3167,  194
3168,  198
3169,  217
3170,  217
3171,  217
3172,  217
3173,  1533
3174,  1533
3175,  3336
3176,  374
3177,  511
3178,  478
3179,  463
3180,  429
3181,  511
3182,  511
3183,  484
3184,  115
3185,  511
3186,  478
3187,  478
3188,  511
3189,  217
3190,  217
3191,  463
3192,  463
3193,  463
3194,  511
3195,  217
3196,  217
3197,  478
3198,  463
3199,  130
3200,  130
3201,  127
3202,  115
3203,  115
3204,  217
3205,  217
3206,  115
3207,  127
3208,  179
3209,  194
3210,  1441
3211,  198
3212,  217
3213,  511
3214,  478
3215,  463
3216,  511
3217,  485
3218,  511
3219,  478
3220,  463
3221,  485
3222,  198
3223,  484
3224,  484
3225,  484
3226,  484
3227,  484
3228,  484
3229,  484
3230,  198
3231,  1441
3232,  357
3233,  1441
3234,  357
3235,  115
3236,  198
3237,  1533
3238,  1533
3239,  2984
3240,  119
3241,  119
3242,  115
3243,  115
3244,  115
3245,  695
3246,  115
3247,  179
3248,  474
3249,  929
3250,  929
3251,  484
3252,  484
3253,  484
3254,  484
3255,  198
3256,  198
3257,  119
3258,  485
3259,  485
3260,  198
3261,  695
3262,  115
3263,  114
3264,  484
3265,  484
3266,  484
3267,  198
3268,  198
3269,  484
3270,  148
3271,  148
3272,  148
3273,  148
3274,  148
3275,  147
3276,  147
3277,  147
3278,  148
3279,  147
3280,  147
3281,  484
3282,  115
3283,  147
3284,  147
3285,  198
3286,  485
3287,  485
3288,  148
3289,  485
3290,  378
3291,  967
3292,  216
3293,  216
3294,  216
3295,  216
3296,  216
3297,  216
3298,  1441
3299,  1089
3300,  166
3301,  484
3302,  484
3303,  119
3304,  198
3305,  719
3306,  719
3307,  484
3308,  639
3309,  198
3310,  119
3311,  114
3312,  485
3313,  198
3314,  217
3315,  511
3316,  478
3317,  463
3318,  463
3319,  216
3320,  484
3321,  198
3322,  484
3323,  198
3324,  124
3325,  485
3326,  198
3327,  578
3328,  1441
3329,  484
3330,  198
3331,  115
3332,  216
3333,  177
3334,  484
3335,  484
3336,  198
3337,  485
3338,  485
3339,  198
3340,  484
3341,  484
3342,  484
3343,  484
3344,  484
3345,  198
3346,  387
3347,  484
3348,  484
3349,  198
3350,  127
3351,  1441
3352,  1441
3353,  485
3354,  485
3355,  198
3356,  115
3357,  484
3358,  166
3359,  396
3360,  484
3361,  198
3362,  216
3363,  216
3364,  216
3365,  216
3366,  216
3367,  216
3368,  216
3369,  216
3370,  216
3371,  216
3372,  216
3373,  216
3374,  485
3375,  390
3376,  194
3377,  198
3378,  484
3379,  127
3380,  216
3381,  198
3382,  162
3383,  162
3384,  162
3385,  158
3386,  162
3387,  216
3388,  158
3389,  162
3390,  162
3391,  115
3392,  158
3393,  162
3394,  1441
3395,  111
3396,  1441
3397,  657
3398,  107
3399,  480
3400,  194
3401,  233
3402,  233
3403,  589
3404,  481
3405,  480
3406,  142
3407,  480
3408,  481
3409,  480
3410,  480
3411,  481
3412,  481
3413,  480
3414,  480
3415,  481
3416,  484
3417,  119
3418,  119
3419,  233
3420,  233
3421,  233
3422,  233
3423,  233
3424,  233
3425,  233
3426,  233
3427,  216
3428,  233
3429,  216
3430,  216
3431,  216
3432,  216
3433,  216
3434,  484
3435,  115
3436,  138
3437,  119
3438,  308
3439,  134
3440,  285
3441,  138
3442,  189
3443,  485
3444,  198
3445,  484
3446,  198
3447,  233
3448,  233
3449,  233
3450,  216
3451,  233
3452,  216
3453,  233
3454,  233
3455,  216
3456,  138
3457,  541
3458,  138
3459,  138
3460,  2354
3461,  1582
3462,  1444
3463,  484
3464,  1582
3465,  1582
3466,  1440
3467,  198
3468,  138
3469,  111
3470,  485
3471,  485
3472,  485
3473,  198
3474,  526
3475,  299
3476,  484
3477,  484
3478,  484
3479,  484
3480,  198
3481,  198
3482,  198
3483,  416
3484,  198
3485,  586
3486,  1054
3487,  484
3488,  138
3489,  485
3490,  198
3491,  194
3492,  198
3493,  138
3494,  162
3495,  165
3496,  138
3497,  122
3498,  126
3499,  484
3500,  198
3501,  484
3502,  198
3503,  1441
3504,  1441
3505,  1441
3506,  1441
3507,  1441
3508,  1441
3509,  1441
3510,  119
3511,  119
3512,  119
3513,  485
3514,  1441
3515,  1441
3516,  1441
3517,  1441
3518,  1441
3519,  119
3520,  198
3521,  1441
3522,  1441
3523,  1441
3524,  1441
3525,  1441
3526,  1068
3527,  1441
3528,  1441
3529,  1441
3530,  1441
3531,  1441
3532,  119
3533,  119
3534,  119
3535,  1441
3536,  119
3537,  119
3538,  119
3539,  1441
3540,  1441
3541,  1441
3542,  119
3543,  1441
3544,  484
3545,  119
3546,  860
3547,  860
3548,  119
3549,  194
3550,  860
3551,  198
3552,  484
3553,  198
3554,  485
3555,  484
3556,  198
3557,  484
3558,  484
3559,  198
3560,  485
3561,  485
3562,  485
3563,  198
3564,  484
3565,  484
3566,  198
3567,  484
3568,  198
3569,  485
3570,  198
3571,  484
3572,  198
3573,  484
3574,  484
3575,  198
3576,  95
3577,  95
3578,  95
3579,  95
3580,  485
3581,  198
3582,  95
3583,  484
3584,  484
3585,  484
3586,  484
3587,  198
3588,  484
3589,  338
3590,  139
3591,  95
3592,  95
3593,  95
3594,  439
3595,  485
3596,  198
3597,  1441
3598,  235
3599,  95
3600,  95
3601,  95
3602,  484
3603,  162
3604,  167
3605,  167
3606,  162
3607,  162
3608,  158
3609,  162
3610,  135
3611,  135
3612,  135
3613,  95
3614,  158
3615,  158
3616,  162
3617,  158
3618,  162
3619,  95
3620,  1441
3621,  158
3622,  158
3623,  162
3624,  158
3625,  162
3626,  480
3627,  484
3628,  166
3629,  1441
3630,  123
3631,  240
3632,  481
3633,  480
3634,  480
3635,  481
3636,  480
3637,  480
3638,  481
3639,  190
3640,  484
3641,  1441
3642,  1441
3643,  1441
3644,  1441
3645,  1441
3646,  1441
3647,  1441
3648,  1441
3649,  1441
3650,  1441
3651,  1441
3652,  1441
3653,  1441
3654,  1441
3655,  119
3656,  119
3657,  119
3658,  119
3659,  119
3660,  119
3661,  119
3662,  225
3663,  1441
3664,  1441
3665,  1441
3666,  1441
3667,  1441
3668,  884
3669,  387
3670,  158
3671,  158
3672,  162
3673,  158
3674,  158
3675,  158
3676,  194
3677,  194
3678,  194
3679,  194
3680,  194
3681,  194
3682,  194
3683,  194
3684,  194
3685,  198
3686,  119
3687,  119
3688,  119
3689,  111
3690,  331
3691,  107
3692,  127
3693,  1441
3694,  1441
3695,  396
3696,  390
3697,  1435
3698,  119
3699,  119
3700,  225
3701,  225
3702,  95
3703,  95
3704,  95
3705,  95
3706,  95
3707,  127
3708,  158
3709,  158
3710,  162
3711,  158
3712,  158
3713,  158
3714,  194
3715,  194
3716,  194
3717,  194
3718,  194
3719,  194
3720,  194
3721,  194
3722,  194
3723,  198
3724,  115
3725,  484
3726,  240
3727,  198
3728,  123
3729,  115
3730,  632
3731,  1441
3732,  238
3733,  1441
3734,  1441
3735,  1441
3736,  1441
3737,  485
3738,  485
3739,  1441
3740,  485
3741,  485
3742,  233
3743,  1441
3744,  233
3745,  119
3746,  127
3747,  1441
3748,  233
3749,  233
3750,  233
3751,  233
3752,  233
3753,  233
3754,  233
3755,  119
3756,  1441
3757,  511
3758,  511
3759,  511
3760,  511
3761,  511
3762,  511
3763,  511
3764,  511
3765,  511
3766,  1441
3767,  511
3768,  511
3769,  1441
3770,  1441
3771,  1441
3772,  1441
3773,  119
3774,  119
3775,  478
3776,  478
3777,  478
3778,  1441
3779,  478
3780,  463
3781,  478
3782,  463
3783,  478
3784,  478
3785,  478
3786,  478
3787,  463
3788,  1441
3789,  119
3790,  119
3791,  1441
3792,  463
3793,  463
3794,  478
3795,  463
3796,  478
3797,  463
3798,  119
3799,  119
3800,  1441
3801,  1441
3802,  657
3803,  1441
3804,  484
3805,  1441
3806,  95
3807,  484
3808,  119
3809,  198
3810,  1441
3811,  1441
3812,  331
3813,  119
3814,  119
3815,  1441
3816,  115
3817,  1441
3818,  1441
3819,  1441
3820,  1441
3821,  484
3822,  1441
3823,  198
3824,  1441
3825,  1441
3826,  1441
3827,  1441
3828,  119
3829,  119
3830,  234
3831,  119
3832,  119
3833,  380
3834,  1144
3835,  1441
3836,  1441
3837,  119
3838,  119
3839,  1441
3840,  1441
3841,  91
3842,  91
3843,  119
3844,  119
3845,  1441
3846,  1441
3847,  1441
3848,  135
3849,  119
3850,  485
3851,  485
3852,  1441
3853,  198
3854,  119
3855,  1441
3856,  1533
3857,  1533
3858,  2902
3859,  1441
3860,  1441
3861,  406
3862,  115
3863,  115
3864,  115
3865,  179
3866,  119
3867,  1441
3868,  1441
3869,  1441
3870,  1441
3871,  1441
3872,  484
3873,  123
3874,  119
3875,  119
3876,  123
3877,  1441
3878,  1441
3879,  123
3880,  119
3881,  1441
3882,  1441
3883,  1441
3884,  217
3885,  119
3886,  119
3887,  112
3888,  112
3889,  1441
3890,  1441
3891,  1441
3892,  1441
3893,  1441
3894,  1441
3895,  1441
3896,  441
3897,  441
3898,  119
3899,  119
3900,  119
3901,  484
3902,  119
3903,  366
3904,  366
3905,  366
3906,  127
3907,  695
3908,  1441
3909,  1441
3910,  198
3911,  121
3912,  123
3913,  115
3914,  111
3915,  115
3916,  632
3917,  484
3918,  198
3919,  1441
3920,  1441
3921,  119
3922,  119
3923,  678
3924,  115
3925,  1441
3926,  307
3927,  210
3928,  119
3929,  202
3930,  115
3931,  484
3932,  198
3933,  115
3934,  112
3935,  485
3936,  774
3937,  117
3938,  485
3939,  119
3940,  111
3941,  1533
3942,  1533
3943,  4740
3944,  115
3945,  115
3946,  115
3947,  115
3948,  179
3949,  1533
3950,  1533
3951,  4742
3952,  115
3953,  115
3954,  115
3955,  179
3956,  115
3957,  121
3958,  121
3959,  121
3960,  121
3961,  121
3962,  121
3963,  121
3964,  121
3965,  1441
3966,  1441
3967,  1441
3968,  1441
3969,  1441
3970,  1441
3971,  1441
3972,  1441
3973,  484
3974,  307
3975,  1441
3976,  484
3977,  111
3978,  115
3979,  1533
3980,  1533
3981,  1533
3982,  4744
3983,  115
3984,  198
3985,  485
3986,  484
3987,  115
3988,  115
3989,  115
3990,  119
3991,  198
3992,  198
3993,  179
3994,  1183
3995,  842
3996,  814
3997,  109
3998,  109
3999,  109
4000,  484
4001,  119
4002,  119
4003,  119
4004,  130
4005,  150
4006,  459
4007,  130
4008,  130
4009,  150
4010,  130
4011,  484
4012,  150
4013,  1189
4014,  194
4015,  198
4016,  459
4017,  459
4018,  485
4019,  485
4020,  814
4021,  198
4022,  119
4023,  119
4024,  115
4025,  111
4026,  484
4027,  484
4028,  484
4029,  198
4030,  1441
4031,  405
4032,  1441
4033,  1441
4034,  484
4035,  484
4036,  198
4037,  213
4038,  107
4039,  119
4040,  119
4041,  1441
4042,  401
4043,  414
4044,  485
4045,  198
4046,  166
4047,  166
4048,  1441
4049,  1441
4050,  1441
4051,  406
4052,  484
4053,  484
4054,  198
4055,  119
4056,  1441
4057,  1441
4058,  410
4059,  268
4060,  264
4061,  484
4062,  138
4063,  198
4064,  119
4065,  402
4066,  402
4067,  402
4068,  485
4069,  198
4070,  194
4071,  1441
4072,  401
4073,  1441
4074,  410
4075,  402
4076,  1441
4077,  114
4078,  155
4079,  107
4080,  1441
4081,  114
4082,  159
4083,  484
4084,  1441
4085,  402
4086,  119
4087,  119
4088,  119
4089,  1441
4090,  114
4091,  159
4092,  119
4093,  159
4094,  119
4095,  198
4096,  159
4097,  119
4098,  484
4099,  485
4100,  485
4101,  485
4102,  485
4103,  387
4104,  484
4105,  194
4106,  198
4107,  484
4108,  484
4109,  484
4110,  484
4111,  198
4112,  123
4113,  123
4114,  158
4115,  138
4116,  399
4117,  162
4118,  162
4119,  162
4120,  162
4121,  294
4122,  198
4123,  198
4124,  290
4125,  480
4126,  134
4127,  480
4128,  481
4129,  480
4130,  480
4131,  485
4132,  290
4133,  480
4134,  134
4135,  480
4136,  481
4137,  480
4138,  485
4139,  162
4140,  290
4141,  485
4142,  158
4143,  194
4144,  194
4145,  194
4146,  194
4147,  194
4148,  194
4149,  290
4150,  138
4151,  484
4152,  198
4153,  396
4154,  390
4155,  484
4156,  484
4157,  484
4158,  484
4159,  198
4160,  485
4161,  484
4162,  198
4163,  484
4164,  198
4165,  136
4166,  485
4167,  435
4168,  1441
4169,  484
4170,  484
4171,  484
4172,  198
4173,  198
4174,  198
4175,  484
4176,  194
4177,  198
4178,  194
4179,  194
4180,  194
4181,  485
4182,  198
4183,  127
4184,  1441
4185,  1441
4186,  127
4187,  484
4188,  484
4189,  484
4190,  198
4191,  1441
4192,  556
4193,  484
4194,  484
4195,  484
4196,  484
4197,  233
4198,  233
4199,  233
4200,  233
4201,  233
4202,  198
4203,  511
4204,  478
4205,  463
4206,  511
4207,  478
4208,  463
4209,  511
4210,  511
4211,  511
4212,  478
4213,  463
4214,  478
4215,  463
4216,  478
4217,  463
4218,  485
4219,  485
4220,  198
4221,  484
4222,  198
4223,  127
4224,  552
4225,  1441
4226,  669
4227,  1441
4228,  111
4229,  119
4230,  1441
4231,  179
4232,  1441
4233,  1441
4234,  1441
4235,  800
4236,  145
4237,  119
4238,  484
4239,  484
4240,  484
4241,  119
4242,  119
4243,  198
4244,  1441
4245,  485
4246,  198
4247,  198
4248,  985
4249,  109
4250,  146
4251,  149
4252,  507
4253,  171
4254,  140
4255,  119
4256,  233
4257,  511
4258,  478
4259,  233
4260,  463
4261,  233
4262,  511
4263,  478
4264,  463
4265,  233
4266,  233
4267,  511
4268,  478
4269,  119
4270,  484
4271,  150
4272,  463
4273,  119
4274,  119
4275,  119
4276,  153
4277,  150
4278,  614
4279,  120
4280,  126
4281,  146
4282,  1441
4283,  1441
4284,  1441
4285,  1441
4286,  1441
4287,  1441
4288,  1044
4289,  153
4290,  147
4291,  1441
4292,  1441
4293,  1441
4294,  1441
4295,  1441
4296,  1441
4297,  119
4298,  119
4299,  119
4300,  119
4301,  119
4302,  1441
4303,  119
4304,  119
4305,  119
4306,  119
4307,  119
4308,  119
4309,  1441
4310,  1441
4311,  1441
4312,  1441
4313,  1441
4314,  1441
4315,  1441
4316,  1441
4317,  459
4318,  1441
4319,  1441
4320,  1441
4321,  1441
4322,  381
4323,  153
4324,  484
4325,  119
4326,  119
4327,  119
4328,  132
4329,  198
4330,  1441
4331,  119
4332,  119
4333,  119
4334,  1441
4335,  1441
4336,  1441
4337,  1441
4338,  1441
4339,  1441
4340,  1441
4341,  1441
4342,  1441
4343,  1441
4344,  767
4345,  485
4346,  485
4347,  485
4348,  119
4349,  119
4350,  119
4351,  119
4352,  119
4353,  1441
4354,  198
4355,  551
4356,  1435
4357,  551
4358,  417
4359,  1441
4360,  1441
4361,  119
4362,  547
4363,  377
4364,  1062
4365,  484
4366,  198
4367,  1441
4368,  843
4369,  119
4370,  1441
4371,  114
4372,  174
4373,  119
4374,  119
4375,  843
4376,  174
4377,  484
4378,  484
4379,  119
4380,  174
4381,  198
4382,  485
4383,  111
4384,  485
4385,  485
4386,  735
4387,  1441
4388,  1441
4389,  1441
4390,  1441
4391,  1441
4392,  1441
4393,  1441
4394,  1441
4395,  1441
4396,  1441
4397,  119
4398,  1050
4399,  111
4400,  119
4401,  119
4402,  119
4403,  484
4404,  484
4405,  484
4406,  484
4407,  198
4408,  198
4409,  1441
4410,  119
4411,  484
4412,  484
4413,  484
4414,  198
4415,  1050
4416,  485
4417,  485
4418,  485
4419,  1441
4420,  1441
4421,  1441
4422,  1441
4423,  1441
4424,  1441
4425,  1441
4426,  119
4427,  1441
4428,  770
4429,  119
4430,  119
4431,  119
4432,  198
4433,  119
4434,  1441
4435,  1441
4436,  484
4437,  484
4438,  484
4439,  198
4440,  111
4441,  119
4442,  484
4443,  198
4444,  485
4445,  485
4446,  485
4447,  198
4448,  166
4449,  480
4450,  484
4451,  480
4452,  484
4453,  480
4454,  484
4455,  119
4456,  1441
4457,  1441
4458,  1441
4459,  1058
4460,  1441
4461,  1441
4462,  1441
4463,  485
4464,  485
4465,  485
4466,  132
4467,  484
4468,  119
4469,  119
4470,  119
4471,  1441
4472,  1441
4473,  1441
4474,  1441
4475,  1441
4476,  1441
4477,  1441
4478,  779
4479,  126
4480,  114
4481,  147
4482,  168
4483,  1441
4484,  1441
4485,  1441
4486,  1441
4487,  1441
4488,  119
4489,  119
4490,  119
4491,  119
4492,  1441
4493,  1441
4494,  1441
4495,  1441
4496,  1441
4497,  1441
4498,  1441
4499,  1441
4500,  1441
4501,  1441
4502,  1441
4503,  1441
4504,  1441
4505,  1441
4506,  119
4507,  119
4508,  119
4509,  1441
4510,  1441
4511,  1441
4512,  1441
4513,  657
4514,  1441
4515,  1441
4516,  861
4517,  180
4518,  147
4519,  144
4520,  1441
4521,  1441
4522,  1441
4523,  1441
4524,  1441
4525,  119
4526,  119
4527,  1441
4528,  1116
4529,  114
4530,  129
4531,  114
4532,  150
4533,  145
4534,  1441
4535,  1441
4536,  1441
4537,  1441
4538,  1441
4539,  1441
4540,  1441
4541,  1441
4542,  119
4543,  150
4544,  119
4545,  484
4546,  119
4547,  1441
4548,  1441
4549,  1441
4550,  1441
4551,  1441
4552,  1441
4553,  1441
4554,  1441
4555,  1441
4556,  1441
4557,  1441
4558,  1441
4559,  1441
4560,  1441
4561,  194
4562,  119
4563,  119
4564,  1441
4565,  1441
4566,  1441
4567,  1441
4568,  1441
4569,  1441
4570,  1441
4571,  1441
4572,  1441
4573,  1441
4574,  1441
4575,  1441
4576,  1441
4577,  1441
4578,  119
4579,  1441
4580,  594
4581,  1441
4582,  1441
4583,  1441
4584,  162
4585,  158
4586,  194
4587,  194
4588,  194
4589,  194
4590,  198
4591,  1441
4592,  1441
4593,  1441
4594,  1441
4595,  1441
4596,  1441
4597,  1441
4598,  162
4599,  119
4600,  119
4601,  132
4602,  485
4603,  130
4604,  484
4605,  1441
4606,  1441
4607,  1441
4608,  1441
4609,  1441
4610,  1441
4611,  1441
4612,  1441
4613,  1441
4614,  1441
4615,  1441
4616,  1441
4617,  1441
4618,  1441
4619,  145
4620,  484
4621,  484
4622,  126
4623,  170
4624,  119
4625,  484
4626,  119
4627,  119
4628,  1441
4629,  1441
4630,  1441
4631,  459
4632,  1441
4633,  1441
4634,  1441
4635,  119
4636,  136
4637,  119
4638,  1441
4639,  1441
4640,  1441
4641,  1441
4642,  1441
4643,  1441
4644,  1441
4645,  1441
4646,  1441
4647,  1441
4648,  1441
4649,  1441
4650,  1441
4651,  1441
4652,  119
4653,  119
4654,  485
4655,  119
4656,  1441
4657,  1441
4658,  1441
4659,  1441
4660,  1441
4661,  1441
4662,  1441
4663,  119
4664,  119
4665,  198
4666,  119
4667,  1441
4668,  1441
4669,  1441
4670,  213
4671,  107
4672,  387
4673,  1441
4674,  129
4675,  1441
4676,  1441
4677,  1441
4678,  1441
4679,  1441
4680,  1441
4681,  1441
4682,  1441
4683,  1441
4684,  1441
4685,  1441
4686,  1441
4687,  1441
4688,  1441
4689,  1441
4690,  1441
4691,  1441
4692,  1407
4693,  1441
4694,  1441
4695,  1441
4696,  1441
4697,  1441
4698,  1441
4699,  1441
4700,  1441
4701,  1441
4702,  1441
4703,  1441
4704,  1441
4705,  1441
4706,  1441
4707,  1441
4708,  1441
4709,  1441
4710,  1441
4711,  1441
4712,  1441
4713,  1441
4714,  1441
4715,  1441
4716,  1441
4717,  1441
4718,  91
4719,  119
4720,  119
4721,  1441
4722,  1441
4723,  1441
4724,  1441
4725,  1441
4726,  1441
4727,  1441
4728,  1441
4729,  1441
4730,  1441
4731,  1441
4732,  1441
4733,  1441
4734,  1441
4735,  1441
4736,  119
4737,  1441
4738,  1441
4739,  1441
4740,  1441
4741,  1441
4742,  1441
4743,  1441
4744,  1441
4745,  1441
4746,  1441
4747,  1441
4748,  1441
4749,  1441
4750,  1441
4751,  1441
4752,  109
4753,  1441
4754,  1441
4755,  1441
4756,  1441
4757,  1441
4758,  1441
4759,  415
4760,  1441
4761,  679
4762,  396
4763,  424
4764,  119
4765,  119
4766,  119
4767,  484
4768,  484
4769,  484
4770,  484
4771,  119
4772,  1441
4773,  119
4774,  551
4775,  120
4776,  417
4777,  120
4778,  198
4779,  120
4780,  484
4781,  484
4782,  484
4783,  120
4784,  120
4785,  120
4786,  1441
4787,  1441
4788,  1441
4789,  1441
4790,  1441
4791,  1441
4792,  1441
4793,  120
4794,  120
4795,  120
4796,  133
4797,  119
4798,  119
4799,  198
4800,  198
4801,  119
4802,  120
4803,  119
4804,  485
4805,  120
4806,  1441
4807,  1441
4808,  1441
4809,  1441
4810,  1441
4811,  1441
4812,  1441
4813,  198
4814,  120
4815,  1441
4816,  1441
4817,  1441
4818,  1441
4819,  1441
4820,  1441
4821,  1441
4822,  1441
4823,  1441
4824,  1441
4825,  1441
4826,  1441
4827,  1441
4828,  1441
4829,  1441
4830,  1441
4831,  120
4832,  120
4833,  120
4834,  1441
4835,  1441
4836,  1441
4837,  120
4838,  553
4839,  553
4840,  1441
4841,  1441
4842,  1441
4843,  1441
4844,  1441
4845,  553
4846,  1441
4847,  162
4848,  1441
4849,  1441
4850,  1441
4851,  1441
4852,  1441
4853,  1441
4854,  1441
4855,  1441
4856,  1441
4857,  1441
4858,  1441
4859,  1441
4860,  1441
4861,  1441
4862,  1441
4863,  1441
4864,  1441
4865,  1441
4866,  1441
4867,  1441
4868,  1441
4869,  1441
4870,  1441
4871,  1441
4872,  1441
4873,  1441
4874,  1441
4875,  362
4876,  1441
4877,  1441
4878,  1441
4879,  1441
4880,  1441
4881,  1441
4882,  1441
4883,  1441
4884,  1441
4885,  1441
4886,  1441
4887,  1441
4888,  1441
4889,  1441
4890,  1441
4891,  1441
4892,  1441
4893,  1441
4894,  1441
4895,  1441
4896,  1441
4897,  1441
4898,  1441
4899,  1441
4900,  1441
4901,  1441
4902,  1441
4903,  1441
4904,  1441
4905,  1441
4906,  1441
4907,  1441
4908,  390
4909,  1441
4910,  1441
4911,  1441
4912,  1441
4913,  418
4914,  1441
4915,  162
4916,  418
4917,  553
4918,  120
4919,  120
4920,  120
4921,  120
4922,  1441
4923,  843
4924,  843
4925,  843
4926,  120
4927,  120
4928,  120
4929,  120
4930,  120
4931,  120
4932,  120
4933,  484
4934,  120
4935,  484
4936,  1441
4937,  1441
4938,  1441
4939,  1441
4940,  1441
4941,  1441
4942,  1441
4943,  484
4944,  1441
4945,  1441
4946,  1441
4947,  1441
4948,  1441
4949,  164
4950,  107
4951,  120
4952,  107
4953,  198
4954,  484
4955,  120
4956,  120
4957,  133
4958,  120
4959,  120
4960,  481
4961,  484
4962,  120
4963,  1441
4964,  1441
4965,  1441
4966,  1441
4967,  1441
4968,  1441
4969,  1441
4970,  194
4971,  194
4972,  198
4973,  1441
4974,  119
4975,  119
4976,  119
4977,  120
4978,  120
4979,  1441
4980,  120
4981,  1441
4982,  1441
4983,  1441
4984,  1441
4985,  89
4986,  1441
4987,  1441
4988,  1441
4989,  1441
4990,  1441
4991,  1441
4992,  1441
4993,  1441
4994,  1441
4995,  1441
4996,  1441
4997,  1441
4998,  1441
4999,  1441
5000,  1441
5001,  1441
5002,  1441
5003,  1441
5004,  1441
5005,  1441
5006,  1441
5007,  120
5008,  120
5009,  1441
5010,  1441
5011,  1441
5012,  1441
5013,  1441
5014,  1441
5015,  1441
5016,  1441
5017,  1441
5018,  1441
5019,  1441
5020,  1441
5021,  1441
5022,  1441
5023,  1441
5024,  1441
5025,  120
5026,  120
5027,  120
5028,  120
5029,  480
5030,  485
5031,  120
5032,  120
5033,  120
5034,  1441
5035,  1441
5036,  1441
5037,  1441
5038,  1441
5039,  1441
5040,  1441
5041,  158
5042,  194
5043,  198
5044,  1441
5045,  120
5046,  1441
5047,  1441
5048,  1441
5049,  1441
5050,  1441
5051,  1441
5052,  1441
5053,  1118
5054,  1441
5055,  1441
5056,  1441
5057,  1441
5058,  1441
5059,  1441
5060,  1441
5061,  1441
5062,  1441
5063,  1441
5064,  1441
5065,  1441
5066,  1441
5067,  1441
5068,  1441
5069,  1441
5070,  1441
5071,  1441
5072,  1441
5073,  1441
5074,  1441
5075,  1441
5076,  1441
5077,  1441
5078,  1441
5079,  1441
5080,  1441
5081,  484
5082,  120
5083,  120
5084,  120
5085,  120
5086,  120
5087,  1441
5088,  1441
5089,  1441
5090,  1441
5091,  1441
5092,  1441
5093,  120
5094,  1441
5095,  1441
5096,  1441
5097,  1441
5098,  1441
5099,  1441
5100,  1441
5101,  1441
5102,  1441
5103,  1441
5104,  1441
5105,  1441
5106,  1441
5107,  1441
5108,  1441
5109,  1441
5110,  1441
5111,  1441
5112,  1441
5113,  133
5114,  120
5115,  120
5116,  484
5117,  198
5118,  1441
5119,  1441
5120,  1441
5121,  1441
5122,  1441
5123,  120
5124,  429
5125,  1441
5126,  1441
5127,  1441
5128,  120
5129,  120
5130,  1441
5131,  1441
5132,  198
5133,  485
5134,  485
5135,  485
5136,  120
5137,  120
5138,  112
5139,  1441
5140,  1441
5141,  1441
5142,  1441
5143,  1441
5144,  1441
5145,  1441
5146,  198
5147,  1441
5148,  1441
5149,  1441
5150,  1441
5151,  1441
5152,  1441
5153,  1441
5154,  1441
5155,  1441
5156,  120
5157,  1441
5158,  1441
5159,  1441
5160,  1441
5161,  484
5162,  120
5163,  198
5164,  1441
5165,  120
5166,  1441
5167,  1441
5168,  1441
5169,  1441
5170,  120
5171,  120
5172,  1441
5173,  1441
5174,  1441
5175,  1441
5176,  1441
5177,  1441
5178,  120
5179,  120
5180,  1441
5181,  1441
5182,  1441
5183,  1441
5184,  1441
5185,  1441
5186,  1441
5187,  1441
5188,  1441
5189,  1441
5190,  1441
5191,  1441
5192,  1441
5193,  1441
5194,  1441
5195,  1441
5196,  1441
5197,  1441
5198,  1441
5199,  484
5200,  120
5201,  120
5202,  1441
5203,  1441
5204,  1441
5205,  1441
5206,  1441
5207,  1441
5208,  1441
5209,  120
5210,  120
5211,  198
5212,  198
5213,  120
5214,  198
5215,  115
5216,  120
5217,  120
5218,  1441
5219,  1441
5220,  1441
5221,  1441
5222,  1441
5223,  1441
5224,  1441
5225,  1441
5226,  1441
5227,  1441
5228,  1441
5229,  1441
5230,  1441
5231,  1441
5232,  485
5233,  485
5234,  1441
5235,  1441
5236,  1441
5237,  1441
5238,  1441
5239,  1441
5240,  1441
5241,  485
5242,  1441
5243,  1441
5244,  1441
5245,  1441
5246,  1441
5247,  1441
5248,  1441
5249,  485
5250,  120
5251,  133
5252,  120
5253,  120
5254,  120
5255,  1441
5256,  1441
5257,  1441
5258,  1441
5259,  1441
5260,  1441
5261,  1441
5262,  1441
5263,  1441
5264,  1441
5265,  1441
5266,  1441
5267,  1441
5268,  1441
5269,  198
5270,  1441
5271,  1441
5272,  1441
5273,  1441
5274,  1441
5275,  1441
5276,  1441
5277,  120
5278,  484
5279,  120
5280,  120
5281,  1441
5282,  1441
5283,  1441
5284,  393
5285,  1441
5286,  1441
5287,  112
5288,  198
5289,  120
5290,  120
5291,  484
5292,  198
5293,  166
5294,  1150
5295,  485
5296,  485
5297,  485
5298,  198
5299,  387
5300,  415
5301,  484
5302,  198
5303,  194
5304,  484
5305,  484
5306,  198
5307,  324
5308,  324
5309,  324
5310,  324
5311,  324
5312,  324
5313,  485
5314,  485
5315,  396
5316,  485
5317,  1441
5318,  424
5319,  198
5320,  111
5321,  484
5322,  198
5323,  146
5324,  146
5325,  138
5326,  308
5327,  138
5328,  285
5329,  138
5330,  189
5331,  189
5332,  484
5333,  484
5334,  484
5335,  122
5336,  390
5337,  418
5338,  198
5339,  473
5340,  198
5341,  485
5342,  198
5343,  1441
5344,  1441
5345,  1441
5346,  1441
5347,  1441
5348,  1441
5349,  1441
5350,  484
5351,  484
5352,  119
5353,  119
5354,  119
5355,  1441
5356,  1441
5357,  1441
5358,  1441
5359,  859
5360,  316
5361,  1441
5362,  1441
5363,  1441
5364,  1074
5365,  484
5366,  1441
5367,  1441
5368,  1441
5369,  1441
5370,  1441
5371,  198
5372,  814
5373,  484
5374,  814
5375,  484
5376,  818
5377,  814
5378,  484
5379,  138
5380,  814
5381,  484
5382,  119
5383,  119
5384,  119
5385,  119
5386,  119
5387,  119
5388,  119
5389,  119
5390,  198
5391,  119
5392,  119
5393,  119
5394,  1441
5395,  1441
5396,  1441
5397,  1441
5398,  1441
5399,  1441
5400,  1441
5401,  1441
5402,  1441
5403,  1441
5404,  1441
5405,  127
5406,  1441
5407,  1441
5408,  111
5409,  119
5410,  119
5411,  119
5412,  119
5413,  119
5414,  119
5415,  1441
5416,  1441
5417,  1441
5418,  1441
5419,  1441
5420,  1441
5421,  1441
5422,  119
5423,  119
5424,  1441
5425,  1441
5426,  1441
5427,  1441
5428,  1441
5429,  1441
5430,  400
5431,  119
5432,  397
5433,  479
5434,  1815
5435,  119
5436,  132
5437,  119
5438,  127
5439,  119
5440,  119
5441,  138
5442,  295
5443,  123
5444,  138
5445,  138
5446,  138
5447,  138
5448,  1441
5449,  559
5450,  485
5451,  1441
5452,  1441
5453,  198
5454,  169
5455,  138
5456,  127
5457,  122
5458,  126
5459,  122
5460,  126
5461,  1441
5462,  1441
5463,  1166
5464,  119
5465,  480
5466,  146
5467,  146
5468,  198
5469,  138
5470,  308
5471,  111
5472,  484
5473,  138
5474,  198
5475,  285
5476,  138
5477,  162
5478,  162
5479,  162
5480,  185
5481,  485
5482,  185
5483,  485
5484,  162
5485,  162
5486,  162
5487,  162
5488,  877
5489,  109
5490,  111
5491,  123
5492,  191
5493,  107
5494,  1441
5495,  127
5496,  509
5497,  107
5498,  1441
5499,  111
5500,  954
5501,  481
5502,  484
5503,  109
5504,  337
5505,  107
5506,  1441
5507,  1441
5508,  481
5509,  484
5510,  481
5511,  484
5512,  481
5513,  484
5514,  1441
5515,  198
5516,  1441
5517,  1441
5518,  1441
5519,  126
5520,  121
5521,  122
5522,  949
5523,  415
5524,  115
5525,  119
5526,  119
5527,  119
5528,  480
5529,  481
5530,  480
5531,  510
5532,  534
5533,  571
5534,  587
5535,  537
5536,  599
5537,  632
5538,  119
5539,  194
5540,  198
5541,  198
5542,  194
5543,  194
5544,  194
5545,  194
5546,  134
5547,  198
5548,  2354
5549,  1582
5550,  1444
5551,  119
5552,  559
5553,  119
5554,  119
5555,  130
5556,  232
5557,  861
5558,  136
5559,  232
5560,  125
5561,  392
5562,  438
5563,  399
5564,  548
5565,  1441
5566,  1582
5567,  1582
5568,  1440
5569,  194
5570,  194
5571,  166
5572,  1441
5573,  138
5574,  1441
5575,  119
5576,  234
5577,  534
5578,  198
5579,  233
5580,  520
5581,  112
5582,  520
5583,  112
5584,  112
5585,  115
5586,  111
5587,  520
5588,  194
5589,  198
5590,  138
5591,  111
5592,  114
5593,  114
5594,  1441
5595,  1441
5596,  1441
5597,  1441
5598,  1441
5599,  1209
5600,  127
5601,  1441
5602,  1441
5603,  651
5604,  119
5605,  519
5606,  526
5607,  519
5608,  526
5609,  519
5610,  526
5611,  119
5612,  119
5613,  119
5614,  1533
5615,  3828
5616,  198
5617,  115
5618,  115
5619,  299
5620,  1441
5621,  1441
5622,  1441
5623,  416
5624,  416
5625,  111
5626,  416
5627,  152
5628,  107
5629,  1054
5630,  590
5631,  127
5632,  127
5633,  119
5634,  1441
5635,  1441
5636,  1441
5637,  1441
5638,  1010
5639,  497
5640,  138
5641,  497
5642,  138
5643,  497
5644,  138
5645,  497
5646,  138
5647,  119
5648,  119
5649,  119
5650,  119
5651,  119
5652,  119
5653,  179
5654,  127
5655,  1441
5656,  123
5657,  507
5658,  691
5659,  109
5660,  1441
5661,  1441
5662,  1441
5663,  1441
5664,  288
5665,  127
5666,  1441
5667,  507
5668,  1441
5669,  507
5670,  1441
5671,  123
5672,  138
5673,  317
5674,  123
5675,  123
5676,  123
5677,  123
5678,  123
5679,  165
5680,  138
5681,  123
5682,  216
5683,  216
5684,  216
5685,  216
5686,  216
5687,  216
5688,  119
5689,  127
5690,  119
5691,  127
5692,  130
5693,  470
5694,  123
5695,  1441
5696,  487
5697,  122
5698,  126
5699,  1441
5700,  566
5701,  1441
5702,  266
5703,  198
5704,  119
5705,  494
5706,  494
5707,  494
5708,  123
5709,  115
5710,  632
5711,  123
5712,  115
5713,  691
5714,  499
5715,  632
5716,  127
5717,  198
5718,  485
5719,  198
5720,  1441
5721,  119
5722,  123
5723,  127
5724,  123
5725,  115
5726,  1441
5727,  1441
5728,  975
5729,  1441
5730,  941
5731,  115
5732,  127
5733,  115
5734,  115
5735,  632
5736,  111
5737,  127
5738,  114
5739,  119
5740,  119
5741,  632
5742,  632
5743,  119
5744,  484
5745,  484
5746,  484
5747,  1441
5748,  115
5749,  198
5750,  119
5751,  475
5752,  475
5753,  1533
5754,  1533
5755,  4730
5756,  127
5757,  475
5758,  115
5759,  115
5760,  115
5761,  179
5762,  127
5763,  111
5764,  198
5765,  473
5766,  198
5767,  468
5768,  468
5769,  468
5770,  468
5771,  468
5772,  468
5773,  198
5774,  198
5775,  1441
5776,  1441
5777,  1441
5778,  1441
5779,  1441
5780,  1441
5781,  1441
5782,  458
5783,  1441
5784,  1441
5785,  1441
5786,  1441
5787,  489
5788,  115
5789,  109
5790,  1533
5791,  1533
5792,  458
5793,  458
5794,  119
5795,  119
5796,  119
5797,  119
5798,  119
5799,  119
5800,  115
5801,  115
5802,  198
5803,  1533
5804,  6240
5805,  1441
5806,  1441
5807,  1441
5808,  1441
5809,  1441
5810,  292
5811,  1441
5812,  690
5813,  107
5814,  109
5815,  1441
5816,  1441
5817,  119
5818,  115
5819,  115
5820,  179
5821,  119
5822,  119
5823,  119
5824,  119
5825,  119
5826,  1441
5827,  1441
5828,  1441
5829,  115
5830,  1441
5831,  695
5832,  1441
5833,  1441
5834,  1533
5835,  1533
5836,  130
5837,  1533
5838,  3886
5839,  1441
5840,  1441
5841,  1441
5842,  1236
5843,  1533
5844,  1533
5845,  1533
5846,  6242
5847,  130
5848,  116
5849,  475
5850,  119
5851,  119
5852,  119
5853,  119
5854,  115
5855,  115
5856,  179
5857,  115
5858,  119
5859,  162
5860,  162
5861,  162
5862,  119
5863,  115
5864,  115
5865,  115
5866,  179
5867,  695
5868,  179
5869,  179
5870,  455
5871,  127
5872,  450
5873,  119
5874,  115
5875,  115
5876,  115
5877,  452
5878,  198
5879,  452
5880,  452
5881,  452
5882,  198
5883,  198
5884,  454
5885,  198
5886,  447
5887,  198
5888,  453
5889,  453
5890,  453
5891,  453
5892,  198
5893,  198
5894,  198
5895,  465
5896,  198
5897,  453
5898,  198
5899,  452
5900,  452
5901,  452
5902,  198
5903,  178
5904,  109
5905,  111
5906,  695
5907,  387
5908,  415
5909,  415
5910,  119
5911,  467
5912,  198
5913,  194
5914,  463
5915,  162
5916,  463
5917,  115
5918,  162
5919,  158
5920,  198
5921,  158
5922,  198
5923,  158
5924,  198
5925,  162
5926,  162
5927,  162
5928,  468
5929,  477
5930,  158
5931,  162
5932,  194
5933,  198
5934,  396
5935,  390
5936,  462
5937,  472
5938,  477
5939,  479
5940,  474
5941,  462
5942,  472
5943,  477
5944,  479
5945,  474
5946,  462
5947,  472
5948,  477
5949,  479
5950,  474
5951,  474
5952,  474
5953,  198
5954,  194
5955,  198
5956,  194
5957,  198
5958,  198
5959,  198
5960,  482
5961,  482
5962,  198
5963,  483
5964,  483
5965,  483
5966,  198
5967,  198
5968,  471
5969,  198
5970,  481
5971,  198
5972,  198
5973,  480
5974,  198
5975,  474
5976,  484
5977,  198
5978,  198
5979,  491
5980,  487
5981,  198
5982,  480
5983,  480
5984,  198
5985,  483
5986,  198
5987,  475
5988,  475
5989,  475
5990,  475
5991,  166
5992,  166
5993,  198
5994,  483
5995,  483
5996,  198
5997,  194
5998,  480
5999,  480
6000,  198
6001,  198
6002,  484
6003,  198
6004,  481
6005,  198
6006,  480
6007,  198
6008,  477
6009,  198
6010,  198
6011,  483
6012,  483
6013,  198
6014,  482
6015,  198
6016,  486
6017,  198
6018,  479
6019,  198
6020,  495
6021,  198
6022,  477
6023,  477
6024,  477
6025,  198
6026,  489
6027,  198
6028,  492
6029,  492
6030,  198
6031,  481
6032,  198
6033,  487
6034,  91
6035,  91
6036,  502
6037,  502
6038,  498
6039,  483
6040,  198
6041,  480
6042,  480
6043,  480
6044,  480
6045,  481
6046,  198
6047,  194
6048,  158
6049,  194
6050,  194
6051,  194
6052,  198
6053,  475
6054,  479
6055,  194
6056,  158
6057,  194
6058,  194
6059,  194
6060,  198
6061,  194
6062,  198
6063,  484
6064,  484
6065,  194
6066,  162
6067,  198
6068,  115
6069,  471
6070,  194
6071,  485
6072,  485
6073,  489
6074,  194
6075,  166
6076,  490
6077,  490
6078,  490
6079,  198
6080,  198
6081,  485
6082,  198
6083,  486
6084,  198
6085,  484
6086,  198
6087,  115
6088,  484
6089,  198
6090,  198
6091,  491
6092,  198
6093,  115
6094,  490
6095,  490
6096,  478
6097,  194
6098,  198
6099,  480
6100,  198
6101,  479
6102,  479
6103,  198
6104,  495
6105,  198
6106,  492
6107,  198
6108,  482
6109,  482
6110,  198
6111,  485
6112,  484
6113,  198
6114,  484
6115,  198
6116,  482
6117,  198
6118,  483
6119,  480
6120,  480
6121,  480
6122,  480
6123,  480
6124,  480
6125,  198
6126,  496
6127,  198
6128,  479
6129,  479
6130,  162
6131,  198
6132,  489
6133,  194
6134,  198
6135,  489
6136,  198
6137,  480
6138,  480
6139,  480
6140,  480
6141,  480
6142,  480
6143,  480
6144,  198
6145,  478
6146,  198
6147,  487
6148,  198
6149,  475
6150,  198
6151,  476
6152,  486
6153,  498
6154,  498
6155,  194
6156,  194
6157,  194
6158,  198
6159,  487
6160,  487
6161,  194
6162,  194
6163,  194
6164,  198
6165,  485
6166,  485
6167,  194
6168,  194
6169,  194
6170,  194
6171,  194
6172,  198
6173,  485
6174,  198
6175,  198
6176,  491
6177,  198
6178,  478
6179,  485
6180,  486
6181,  194
6182,  194
6183,  194
6184,  194
6185,  198
6186,  490
6187,  194
6188,  194
6189,  194
6190,  194
6191,  198
6192,  198
6193,  493
6194,  198
6195,  362
6196,  198
6197,  368
6198,  198
6199,  387
6200,  387
6201,  639
6202,  484
6203,  198
6204,  484
6205,  484
6206,  198
6207,  226
6208,  103
6209,  485
6210,  198
6211,  194
6212,  166
6213,  484
6214,  198
6215,  194
6216,  194
6217,  194
6218,  194
6219,  194
6220,  225
6221,  225
6222,  225
6223,  115
6224,  484
6225,  198
6226,  485
6227,  198
6228,  484
6229,  484
6230,  198
6231,  484
6232,  484
6233,  484
6234,  484
6235,  198
6236,  485
6237,  485
6238,  485
6239,  485
6240,  462
6241,  198
6242,  484
6243,  198
6244,  484
6245,  198
6246,  485
6247,  198
6248,  484
6249,  198
6250,  484
6251,  484
6252,  484
6253,  484
6254,  484
6255,  198
6256,  485
6257,  198
6258,  484
6259,  198
6260,  484
6261,  484
6262,  484
6263,  484
6264,  198
6265,  485
6266,  485
6267,  198
6268,  484
6269,  198
6270,  484
6271,  198
6272,  485
6273,  485
6274,  485
6275,  485
6276,  485
6277,  198
6278,  198
6279,  480
6280,  485
6281,  480
6282,  485
6283,  480
6284,  484
6285,  485
6286,  485
6287,  481
6288,  194
6289,  481
6290,  194
6291,  484
6292,  484
6293,  198
6294,  484
6295,  194
6296,  194
6297,  194
6298,  194
6299,  194
6300,  162
6301,  158
6302,  194
6303,  198
6304,  480
6305,  485
6306,  480
6307,  485
6308,  484
6309,  484
6310,  484
6311,  484
6312,  484
6313,  484
6314,  484
6315,  480
6316,  485
6317,  480
6318,  485
6319,  194
6320,  194
6321,  194
6322,  194
6323,  194
6324,  162
6325,  158
6326,  194
6327,  194
6328,  194
6329,  194
6330,  194
6331,  194
6332,  198
6333,  484
6334,  194
6335,  194
6336,  194
6337,  194
6338,  194
6339,  162
6340,  158
6341,  194
6342,  194
6343,  194
6344,  194
6345,  194
6346,  194
6347,  194
6348,  198
6349,  484
6350,  198
6351,  485
6352,  198
6353,  484
6354,  198
6355,  484
6356,  198
6357,  485
6358,  115
6359,  115
6360,  198
6361,  484
6362,  198
6363,  115
6364,  115
6365,  484
6366,  198
6367,  485
6368,  198
6369,  484
6370,  198
6371,  484
6372,  198
6373,  623
6374,  198
6375,  600
6376,  600
6377,  600
6378,  600
6379,  198
6380,  552
6381,  552
6382,  552
6383,  198
6384,  492
6385,  198
6386,  198
6387,  484
6388,  198
6389,  487
6390,  194
6391,  194
6392,  162
6393,  198
6394,  473
6395,  198
6396,  482
6397,  198
6398,  475
6399,  198
6400,  478
6401,  198
6402,  472
6403,  472
6404,  472
6405,  472
6406,  472
6407,  483
6408,  198
6409,  478
6410,  198
6411,  474
6412,  198
6413,  478
6414,  478
6415,  478
6416,  478
6417,  198
6418,  483
6419,  483
6420,  483
6421,  483
6422,  198
6423,  471
6424,  471
6425,  471
6426,  198
6427,  488
6428,  198
6429,  588
6430,  198
6431,  507
6432,  198
6433,  194
6434,  194
6435,  194
6436,  194
6437,  198
6438,  475
6439,  475
6440,  471
6441,  457
6442,  461
6443,  194
6444,  194
6445,  194
6446,  194
6447,  194
6448,  194
6449,  194
6450,  198
6451,  468
6452,  479
6453,  475
6454,  477
6455,  475
6456,  477
6457,  194
6458,  194
6459,  194
6460,  194
6461,  194
6462,  194
6463,  194
6464,  194
6465,  194
6466,  194
6467,  198
6468,  474
6469,  474
6470,  474
6471,  198
6472,  268
6473,  475
6474,  475
6475,  475
6476,  260
6477,  198
6478,  138
6479,  166
6480,  476
6481,  476
6482,  476
6483,  476
6484,  198
6485,  194
6486,  477
6487,  477
6488,  198
6489,  198
6490,  477
6491,  477
6492,  477
6493,  477
6494,  198
6495,  534
6496,  534
6497,  534
6498,  198
6499,  597
6500,  198
6501,  470
6502,  198
6503,  458
6504,  198
6505,  290
6506,  458
6507,  458
6508,  198
6509,  290
6510,  290
6511,  138
6512,  439
6513,  109
6514,  109
6515,  91
6516,  109
6517,  91
6518,  91
6519,  473
6520,  459
6521,  471
6522,  471
6523,  471
6524,  198
6525,  198
6526,  198
6527,  111
6528,  482
6529,  198
6530,  201
6531,  109
6532,  119
6533,  480
6534,  198
6535,  198
6536,  198
6537,  482
6538,  482
6539,  198
6540,  472
6541,  472
6542,  472
6543,  198
6544,  477
6545,  477
6546,  477
6547,  477
6548,  198
6549,  487
6550,  198
6551,  487
6552,  198
6553,  198
6554,  475
6555,  198
6556,  198
6557,  482
6558,  198
6559,  475
6560,  198
6561,  491
6562,  198
6563,  497
6564,  198
6565,  585
6566,  198
6567,  166
6568,  562
6569,  198
6570,  194
6571,  552
6572,  552
6573,  198
6574,  198
6575,  527
6576,  527
6577,  527
6578,  500
6579,  500
6580,  500
6581,  194
6582,  194
6583,  198
6584,  450
6585,  450
6586,  198
6587,  454
6588,  454
6589,  454
6590,  198
6591,  471
6592,  194
6593,  194
6594,  198
6595,  457
6596,  462
6597,  194
6598,  194
6599,  198
6600,  451
6601,  464
6602,  464
6603,  465
6604,  455
6605,  198
6606,  455
6607,  217
6608,  198
6609,  217
6610,  217
6611,  217
6612,  217
6613,  217
6614,  534
6615,  501
6616,  486
6617,  486
6618,  460
6619,  198
6620,  217
6621,  217
6622,  217
6623,  480
6624,  198
6625,  477
6626,  477
6627,  477
6628,  198
6629,  474
6630,  474
6631,  474
6632,  474
6633,  198
6634,  475
6635,  475
6636,  198
6637,  490
6638,  490
6639,  380
6640,  1441
6641,  1441
6642,  1441
6643,  473
6644,  1441
6645,  1441
6646,  740
6647,  198
6648,  480
6649,  112
6650,  112
6651,  112
6652,  112
6653,  112
6654,  112
6655,  112
6656,  112
6657,  112
6658,  472
6659,  198
6660,  483
6661,  483
6662,  146
6663,  479
6664,  194
6665,  491
6666,  142
6667,  162
6668,  194
6669,  198
6670,  138
6671,  308
6672,  492
6673,  134
6674,  285
6675,  198
6676,  138
6677,  1441
6678,  1441
6679,  1441
6680,  189
6681,  189
6682,  1441
6683,  1441
6684,  1441
6685,  1441
6686,  1441
6687,  1441
6688,  893
6689,  893
6690,  328
6691,  189
6692,  479
6693,  198
6694,  119
6695,  119
6696,  119
6697,  119
6698,  119
6699,  484
6700,  138
6701,  541
6702,  194
6703,  138
6704,  2358
6705,  1582
6706,  1444
6707,  479
6708,  475
6709,  138
6710,  479
6711,  198
6712,  119
6713,  483
6714,  198
6715,  134
6716,  490
6717,  198
6718,  490
6719,  490
6720,  490
6721,  198
6722,  476
6723,  198
6724,  491
6725,  198
6726,  775
6727,  488
6728,  198
6729,  295
6730,  590
6731,  1054
6732,  293
6733,  293
6734,  293
6735,  293
6736,  293
6737,  477
6738,  138
6739,  134
6740,  138
6741,  134
6742,  138
6743,  198
6744,  486
6745,  486
6746,  486
6747,  486
6748,  123
6749,  489
6750,  293
6751,  198
6752,  293
6753,  138
6754,  169
6755,  138
6756,  123
6757,  123
6758,  233
6759,  115
6760,  233
6761,  122
6762,  126
6763,  233
6764,  233
6765,  233
6766,  233
6767,  233
6768,  233
6769,  233
6770,  233
6771,  115
6772,  530
6773,  497
6774,  497
6775,  486
6776,  115
6777,  484
6778,  491
6779,  158
6780,  162
6781,  233
6782,  162
6783,  111
6784,  111
6785,  484
6786,  487
6787,  487
6788,  480
6789,  476
6790,  484
6791,  480
6792,  476
6793,  194
6794,  194
6795,  194
6796,  198
6797,  484
6798,  480
6799,  476
6800,  194
6801,  194
6802,  194
6803,  194
6804,  158
6805,  198
6806,  466
6807,  477
6808,  472
6809,  473
6810,  194
6811,  166
6812,  233
6813,  128
6814,  128
6815,  128
6816,  144
6817,  144
6818,  194
6819,  166
6820,  128
6821,  477
6822,  472
6823,  473
6824,  472
6825,  473
6826,  473
6827,  469
6828,  190
6829,  495
6830,  471
6831,  479
6832,  469
6833,  190
6834,  495
6835,  475
6836,  471
6837,  479
6838,  194
6839,  162
6840,  194
6841,  194
6842,  198
6843,  128
6844,  198
6845,  194
6846,  194
6847,  198
6848,  194
6849,  194
6850,  198
6851,  297
6852,  144
6853,  107
6854,  103
6855,  473
6856,  473
6857,  473
6858,  473
6859,  269
6860,  198
6861,  103
6862,  1563
6863,  1563
6864,  1279
6865,  1563
6866,  6450
6867,  103
6868,  103
6869,  103
6870,  103
6871,  103
6872,  476
6873,  198
6874,  482
6875,  482
6876,  482
6877,  482
6878,  198
6879,  454
6880,  136
6881,  431
6882,  136
6883,  421
6884,  518
6885,  120
6886,  198
6887,  377
6888,  103
6889,  334
6890,  576
6891,  198
6892,  1563
6893,  1563
6894,  1563
6895,  1563
6896,  1563
6897,  9784
6898,  1563
6899,  534
6900,  534
6901,  534
6902,  534
6903,  103
6904,  1563
6905,  1563
6906,  1563
6907,  1563
6908,  1563
6909,  9784
6910,  198
6911,  198
6912,  523
6913,  103
6914,  103
6915,  103
6916,  103
6917,  103
6918,  103
6919,  103
6920,  103
6921,  103
6922,  103
6923,  502
6924,  502
6925,  502
6926,  472
6927,  472
6928,  1563
6929,  1563
6930,  194
6931,  194
6932,  198
6933,  459
6934,  198
6935,  469
6936,  1563
6937,  1563
6938,  1563
6939,  198
6940,  1563
6941,  2332
6942,  1139
6943,  103
6944,  103
6945,  103
6946,  103
6947,  103
6948,  103
6949,  103
6950,  103
6951,  103
6952,  103
6953,  103
6954,  103
6955,  103
6956,  103
6957,  103
6958,  103
6959,  103
6960,  103
6961,  103
6962,  103
6963,  471
6964,  471
6965,  103
6966,  471
6967,  1563
6968,  198
6969,  466
6970,  103
6971,  103
6972,  103
6973,  103
6974,  103
6975,  103
6976,  466
6977,  9784
6978,  198
6979,  103
6980,  103
6981,  103
6982,  1563
6983,  467
6984,  103
6985,  198
6986,  694
6987,  198
6988,  1563
6989,  103
6990,  1563
6991,  1563
6992,  103
6993,  417
6994,  134
6995,  103
6996,  134
6997,  134
6998,  134
6999,  474
7000,  198
7001,  134
7002,  103
7003,  476
7004,  198
7005,  489
7006,  198
7007,  476
7008,  198
7009,  469
7010,  198
7011,  471
7012,  471
7013,  471
7014,  198
7015,  462
7016,  198
7017,  448
7018,  198
7019,  452
7020,  452
7021,  452
7022,  508
7023,  198
7024,  564
7025,  198
7026,  542
7027,  484
7028,  198
7029,  453
7030,  453
7031,  194
7032,  194
7033,  198
7034,  430
7035,  430
7036,  430
7037,  198
7038,  386
7039,  396
7040,  386
7041,  396
7042,  398
7043,  457
7044,  198
7045,  484
7046,  484
7047,  484
7048,  194
7049,  194
7050,  194
7051,  194
7052,  198
7053,  484
7054,  198
7055,  198
7056,  233
7057,  233
7058,  233
7059,  233
7060,  233
7061,  233
7062,  233
7063,  233
7064,  233
7065,  233
7066,  233
7067,  511
7068,  478
7069,  478
7070,  463
7071,  511
7072,  478
7073,  478
7074,  463
7075,  511
7076,  478
7077,  478
7078,  463
7079,  233
7080,  511
7081,  478
7082,  478
7083,  463
7084,  233
7085,  511
7086,  478
7087,  478
7088,  463
7089,  233
7090,  511
7091,  478
7092,  478
7093,  463
7094,  481
7095,  484
7096,  484
7097,  233
7098,  511
7099,  478
7100,  478
7101,  463
7102,  158
7103,  194
7104,  194
7105,  198
7106,  524
7107,  524
7108,  198
7109,  626
7110,  198
7111,  550
7112,  550
7113,  198
7114,  511
7115,  478
7116,  478
7117,  463
7118,  493
7119,  198
7120,  448
7121,  198
7122,  146
7123,  146
7124,  138
7125,  436
7126,  198
7127,  198
7128,  308
7129,  138
7130,  138
7131,  194
7132,  190
7133,  437
7134,  190
7135,  437
7136,  189
7137,  439
7138,  446
7139,  162
7140,  194
7141,  194
7142,  134
7143,  198
7144,  541
7145,  138
7146,  1586
7147,  1582
7148,  1444
7149,  138
7150,  459
7151,  526
7152,  526
7153,  526
7154,  299
7155,  416
7156,  416
7157,  416
7158,  470
7159,  198
7160,  1054
7161,  590
7162,  138
7163,  138
7164,  169
7165,  484
7166,  126
7167,  126
7168,  198
7169,  198
7170,  484
7171,  484
7172,  484
7173,  484
7174,  198
7175,  484
7176,  198
7177,  490
7178,  198
7179,  198
7180,  198
7181,  487
7182,  198
7183,  476
7184,  198
7185,  485
7186,  198
7187,  496
7188,  198
7189,  619
7190,  198
7191,  576
7192,  576
7193,  198
7194,  198
7195,  565
7196,  198
7197,  536
7198,  198
7199,  506
7200,  198
7201,  467
7202,  467
7203,  467
7204,  469
7205,  198
7206,  476
7207,  115
7208,  194
7209,  198
7210,  472
7211,  469
7212,  472
7213,  469
7214,  472
7215,  469
7216,  472
7217,  469
7218,  480
7219,  194
7220,  485
7221,  194
7222,  198
7223,  194
7224,  194
7225,  194
7226,  194
7227,  194
7228,  162
7229,  198
7230,  475
7231,  194
7232,  194
7233,  194
7234,  194
7235,  194
7236,  162
7237,  194
7238,  198
7239,  479
7240,  194
7241,  194
7242,  194
7243,  194
7244,  194
7245,  162
7246,  194
7247,  198
7248,  481
7249,  481
7250,  477
7251,  489
7252,  477
7253,  489
7254,  194
7255,  194
7256,  194
7257,  194
7258,  194
7259,  162
7260,  194
7261,  194
7262,  194
7263,  198
7264,  490
7265,  490
7266,  194
7267,  194
7268,  194
7269,  194
7270,  194
7271,  162
7272,  194
7273,  194
7274,  194
7275,  194
7276,  194
7277,  198
7278,  486
7279,  198
7280,  476
7281,  476
7282,  476
7283,  198
7284,  480
7285,  198
7286,  484
7287,  484
7288,  198
7289,  491
7290,  198
7291,  483
7292,  198
7293,  500
7294,  481
7295,  198
7296,  198
7297,  198
7298,  233
7299,  233
7300,  233
7301,  233
7302,  233
7303,  233
7304,  233
7305,  233
7306,  233
7307,  233
7308,  233
7309,  233
7310,  233
7311,  511
7312,  511
7313,  511
7314,  511
7315,  511
7316,  478
7317,  478
7318,  488
7319,  478
7320,  478
7321,  478
7322,  478
7323,  478
7324,  478
7325,  478
7326,  478
7327,  463
7328,  198
7329,  463
7330,  463
7331,  463
7332,  463
7333,  463
7334,  487
7335,  198
7336,  198
7337,  198
7338,  198
7339,  233
7340,  511
7341,  511
7342,  511
7343,  478
7344,  478
7345,  478
7346,  478
7347,  478
7348,  478
7349,  233
7350,  463
7351,  511
7352,  478
7353,  478
7354,  463
7355,  463
7356,  481
7357,  198
7358,  531
7359,  198
7360,  564
7361,  198
7362,  1164
7363,  999
7364,  395
7365,  1025
7366,  1025
7367,  421
7368,  425
7369,  999
7370,  395
7371,  514
7372,  514
7373,  514
7374,  134
7375,  134
7376,  134
7377,  138
7378,  115
7379,  115
7380,  134
7381,  134
7382,  138
7383,  198
7384,  498
7385,  498
7386,  198
7387,  293
7388,  490
7389,  146
7390,  499
7391,  194
7392,  146
7393,  138
7394,  194
7395,  308
7396,  489
7397,  489
7398,  489
7399,  138
7400,  281
7401,  194
7402,  166
7403,  138
7404,  185
7405,  477
7406,  198
7407,  472
7408,  233
7409,  511
7410,  478
7411,  478
7412,  463
7413,  111
7414,  537
7415,  514
7416,  277
7417,  514
7418,  277
7419,  514
7420,  194
7421,  134
7422,  134
7423,  198
7424,  2358
7425,  1582
7426,  1444
7427,  138
7428,  466
7429,  198
7430,  526
7431,  299
7432,  416
7433,  473
7434,  590
7435,  138
7436,  586
7437,  1050
7438,  198
7439,  468
7440,  468
7441,  198
7442,  138
7443,  138
7444,  475
7445,  475
7446,  475
7447,  194
7448,  169
7449,  194
7450,  165
7451,  138
7452,  122
7453,  126
7454,  479
7455,  198
7456,  198
7457,  162
7458,  162
7459,  162
7460,  483
7461,  484
7462,  158
7463,  158
7464,  162
7465,  162
7466,  483
7467,  484
7468,  162
7469,  162
7470,  162
7471,  162
7472,  487
7473,  454
7474,  136
7475,  479
7476,  490
7477,  487
7478,  483
7479,  520
7480,  459
7481,  462
7482,  463
7483,  198
7484,  198
7485,  479
7486,  490
7487,  487
7488,  483
7489,  520
7490,  459
7491,  462
7492,  463
7493,  479
7494,  490
7495,  487
7496,  483
7497,  520
7498,  459
7499,  462
7500,  479
7501,  490
7502,  487
7503,  483
7504,  520
7505,  462
7506,  463
7507,  388
7508,  466
7509,  198
7510,  1029
7511,  1029
7512,  421
7513,  425
7514,  395
7515,  120
7516,  134
7517,  134
7518,  134
7519,  138
7520,  465
7521,  198
7522,  470
7523,  198
7524,  293
7525,  395
7526,  293
7527,  127
7528,  127
7529,  146
7530,  146
7531,  142
7532,  555
7533,  999
7534,  142
7535,  198
7536,  999
7537,  138
7538,  115
7539,  488
7540,  198
7541,  308
7542,  138
7543,  285
7544,  190
7545,  510
7546,  510
7547,  480
7548,  480
7549,  480
7550,  480
7551,  480
7552,  480
7553,  111
7554,  281
7555,  162
7556,  194
7557,  198
7558,  470
7559,  138
7560,  470
7561,  138
7562,  465
7563,  189
7564,  473
7565,  481
7566,  281
7567,  162
7568,  194
7569,  194
7570,  194
7571,  194
7572,  194
7573,  194
7574,  138
7575,  541
7576,  138
7577,  2358
7578,  1582
7579,  1444
7580,  138
7581,  494
7582,  198
7583,  488
7584,  198
7585,  198
7586,  526
7587,  486
7588,  486
7589,  486
7590,  291
7591,  1054
7592,  1054
7593,  1054
7594,  488
7595,  292
7596,  198
7597,  590
7598,  482
7599,  482
7600,  482
7601,  198
7602,  478
7603,  478
7604,  478
7605,  198
7606,  134
7607,  138
7608,  134
7609,  138
7610,  138
7611,  169
7612,  481
7613,  477
7614,  126
7615,  481
7616,  165
7617,  138
7618,  165
7619,  134
7620,  198
7621,  126
7622,  484
7623,  484
7624,  484
7625,  198
7626,  485
7627,  485
7628,  198
7629,  484
7630,  198
7631,  479
7632,  454
7633,  136
7634,  480
7635,  198
7636,  120
7637,  120
7638,  120
7639,  120
7640,  120
7641,  120
7642,  481
7643,  481
7644,  198
7645,  484
7646,  484
7647,  198
7648,  198
7649,  489
7650,  489
7651,  162
7652,  485
7653,  475
7654,  158
7655,  198
7656,  480
7657,  194
7658,  198
7659,  166
7660,  162
7661,  162
7662,  190
7663,  492
7664,  158
7665,  198
7666,  158
7667,  198
7668,  158
7669,  198
7670,  158
7671,  198
7672,  479
7673,  476
7674,  467
7675,  469
7676,  162
7677,  469
7678,  467
7679,  471
7680,  476
7681,  158
7682,  194
7683,  194
7684,  194
7685,  194
7686,  194
7687,  194
7688,  194
7689,  198
7690,  491
7691,  554
7692,  554
7693,  550
7694,  539
7695,  539
7696,  198
7697,  539
7698,  539
7699,  198
7700,  198
7701,  501
7702,  198
7703,  490
7704,  490
7705,  198
7706,  198
7707,  484
7708,  484
7709,  198
7710,  490
7711,  490
7712,  490
7713,  198
7714,  471
7715,  471
7716,  471
7717,  198
7718,  474
7719,  474
7720,  474
7721,  198
7722,  471
7723,  471
7724,  471
7725,  342
7726,  342
7727,  342
7728,  342
7729,  342
7730,  342
7731,  342
7732,  342
7733,  342
7734,  342
7735,  342
7736,  342
7737,  471
7738,  471
7739,  194
7740,  198
7741,  476
7742,  476
7743,  198
7744,  484
7745,  484
7746,  198
7747,  479
7748,  342
7749,  342
7750,  479
7751,  198
7752,  476
7753,  194
7754,  194
7755,  194
7756,  198
7757,  472
7758,  198
7759,  472
7760,  472
7761,  198
7762,  166
7763,  471
7764,  471
7765,  521
7766,  521
7767,  342
7768,  448
7769,  465
7770,  448
7771,  465
7772,  1038
7773,  194
7774,  198
7775,  1038
7776,  1038
7777,  1038
7778,  1038
7779,  1038
7780,  1038
7781,  477
7782,  477
7783,  198
7784,  542
7785,  542
7786,  542
7787,  198
7788,  115
7789,  115
7790,  115
7791,  508
7792,  517
7793,  517
7794,  517
7795,  114
7796,  153
7797,  107
7798,  527
7799,  527
7800,  527
7801,  119
7802,  119
7803,  119
7804,  198
7805,  119
7806,  468
7807,  198
7808,  198
7809,  462
7810,  462
7811,  462
7812,  462
7813,  198
7814,  470
7815,  470
7816,  198
7817,  476
7818,  198
7819,  198
7820,  198
7821,  483
7822,  475
7823,  471
7824,  478
7825,  490
7826,  194
7827,  158
7828,  158
7829,  198
7830,  194
7831,  158
7832,  158
7833,  194
7834,  158
7835,  162
7836,  471
7837,  490
7838,  162
7839,  471
7840,  486
7841,  458
7842,  474
7843,  475
7844,  485
7845,  190
7846,  474
7847,  478
7848,  194
7849,  162
7850,  198
7851,  190
7852,  474
7853,  478
7854,  474
7855,  478
7856,  474
7857,  478
7858,  474
7859,  478
7860,  194
7861,  162
7862,  194
7863,  194
7864,  194
7865,  194
7866,  194
7867,  194
7868,  194
7869,  198
7870,  485
7871,  485
7872,  485
7873,  198
7874,  483
7875,  483
7876,  483
7877,  483
7878,  198
7879,  476
7880,  476
7881,  476
7882,  198
7883,  476
7884,  476
7885,  476
7886,  481
7887,  481
7888,  481
7889,  198
7890,  487
7891,  487
7892,  487
7893,  487
7894,  198
7895,  484
7896,  484
7897,  198
7898,  478
7899,  478
7900,  478
7901,  198
7902,  481
7903,  481
7904,  481
7905,  481
7906,  198
7907,  472
7908,  472
7909,  198
7910,  473
7911,  198
7912,  479
7913,  198
7914,  493
7915,  493
7916,  198
7917,  489
7918,  478
7919,  198
7920,  469
7921,  198
7922,  495
7923,  495
7924,  198
7925,  562
7926,  198
7927,  534
7928,  534
7929,  198
7930,  482
7931,  482
7932,  198
7933,  478
7934,  478
7935,  478
7936,  198
7937,  487
7938,  198
7939,  190
7940,  476
7941,  190
7942,  476
7943,  480
7944,  480
7945,  473
7946,  473
7947,  491
7948,  491
7949,  499
7950,  115
7951,  115
7952,  115
7953,  115
7954,  475
7955,  487
7956,  115
7957,  115
7958,  465
7959,  467
7960,  461
7961,  543
7962,  449
7963,  456
7964,  468
7965,  487
7966,  491
7967,  465
7968,  467
7969,  461
7970,  543
7971,  449
7972,  456
7973,  468
7974,  487
7975,  491
7976,  465
7977,  467
7978,  461
7979,  543
7980,  449
7981,  456
7982,  468
7983,  487
7984,  491
7985,  487
7986,  491
7987,  491
7988,  491
7989,  560
7990,  537
7991,  537
7992,  115
7993,  115
7994,  517
7995,  517
7996,  445
7997,  115
7998,  115
7999,  445
