0,  95
1,  95
2,  95
3,  95
4,  95
5,  639
6,  464
7,  536
8,  532
9,  512
10,  544
11,  526
12,  528
13,  528
14,  464
15,  536
16,  532
17,  512
18,  544
19,  526
20,  528
21,  528
22,  147
23,  147
24,  147
25,  147
26,  115
27,  115
28,  115
29,  115
30,  115
31,  115
32,  115
33,  147
34,  418
35,  209
36,  154
37,  154
38,  154
39,  154
40,  154
41,  211
42,  115
43,  115
44,  147
45,  115
46,  115
47,  154
48,  115
49,  115
50,  115
51,  115
52,  115
53,  115
54,  1483
55,  1483
56,  3145
57,  1483
58,  1483
59,  115
60,  115
61,  115
62,  115
63,  115
64,  4366
65,  1483
66,  4366
67,  2942
68,  1483
69,  4366
70,  2942
71,  115
72,  115
73,  115
74,  115
75,  115
76,  115
77,  115
78,  1483
79,  4366
80,  2942
81,  1483
82,  4366
83,  2942
84,  1483
85,  4366
86,  1483
87,  2942
88,  1483
89,  115
90,  115
91,  115
92,  115
93,  115
94,  115
95,  4366
96,  2942
97,  1483
98,  4366
99,  2942
100,  1483
101,  4366
102,  1483
103,  4366
104,  1483
105,  4366
106,  1483
107,  115
108,  4366
109,  115
110,  115
111,  1483
112,  1483
113,  4366
114,  115
115,  1483
116,  2291
117,  115
118,  115
119,  115
120,  115
121,  115
122,  115
123,  1483
124,  1483
125,  3145
126,  262
127,  262
128,  652
129,  115
130,  115
131,  115
132,  1483
133,  1483
134,  115
135,  115
136,  115
137,  1483
138,  1483
139,  3145
140,  495
141,  115
142,  1483
143,  1483
144,  1483
145,  3145
146,  1483
147,  1663
148,  115
149,  182
150,  153
151,  169
152,  115
153,  163
154,  115
155,  1483
156,  1483
157,  3145
158,  579
159,  175
160,  115
161,  115
162,  115
163,  1483
164,  1483
165,  3145
166,  1483
167,  1663
168,  115
169,  115
170,  115
171,  115
172,  461
173,  115
174,  1483
175,  1483
176,  1483
177,  1483
178,  1483
179,  1483
180,  3145
181,  708
182,  147
183,  184
184,  115
185,  115
186,  115
187,  115
188,  115
189,  115
190,  1483
191,  1483
192,  3145
193,  1483
194,  1663
195,  313
196,  157
197,  115
198,  193
199,  157
200,  115
201,  198
202,  157
203,  115
204,  115
205,  191
206,  157
207,  115
208,  198
209,  157
210,  115
211,  115
212,  115
213,  115
214,  115
215,  192
216,  157
217,  115
218,  157
219,  157
220,  192
221,  157
222,  197
223,  115
224,  115
225,  115
226,  150
227,  115
228,  115
229,  115
230,  197
231,  157
232,  115
233,  192
234,  157
235,  115
236,  193
237,  157
238,  115
239,  208
240,  157
241,  115
242,  1483
243,  1483
244,  3145
245,  693
246,  115
247,  115
248,  192
249,  157
250,  115
251,  115
252,  115
253,  115
254,  115
255,  115
256,  115
257,  194
258,  157
259,  198
260,  157
261,  115
262,  190
263,  157
264,  191
265,  157
266,  115
267,  115
268,  115
269,  115
270,  1483
271,  1483
272,  1483
273,  3145
274,  1483
275,  1483
276,  3145
277,  1483
278,  1483
279,  3145
280,  148
281,  115
282,  115
283,  115
284,  115
285,  115
286,  115
287,  829
288,  115
289,  190
290,  157
291,  115
292,  115
293,  115
294,  115
295,  194
296,  157
297,  115
298,  189
299,  157
300,  115
301,  190
302,  157
303,  115
304,  1483
305,  1483
306,  3145
307,  1483
308,  1483
309,  3145
310,  1483
311,  1483
312,  3145
313,  148
314,  115
315,  115
316,  115
317,  115
318,  115
319,  115
320,  115
321,  169
322,  115
323,  115
324,  115
325,  115
326,  115
327,  192
328,  157
329,  115
330,  115
331,  1483
332,  1483
333,  3145
334,  1483
335,  1483
336,  3145
337,  1483
338,  1483
339,  3145
340,  148
341,  115
342,  115
343,  115
344,  115
345,  115
346,  147
347,  996
348,  115
349,  221
350,  168
351,  115
352,  115
353,  1483
354,  1483
355,  1483
356,  1483
357,  1483
358,  3145
359,  1483
360,  1663
361,  1483
362,  1483
363,  3145
364,  1483
365,  1663
366,  115
367,  115
368,  115
369,  115
370,  115
371,  1256
372,  115
373,  203
374,  115
375,  115
376,  199
377,  199
378,  167
379,  115
380,  189
381,  159
382,  115
383,  1483
384,  1483
385,  3145
386,  1483
387,  1663
388,  1483
389,  1483
390,  3145
391,  1483
392,  1483
393,  1663
394,  115
395,  115
396,  115
397,  115
398,  115
399,  115
400,  115
401,  115
402,  1401
403,  115
404,  1483
405,  1483
406,  169
407,  1483
408,  1483
409,  3145
410,  1483
411,  1663
412,  115
413,  115
414,  115
415,  115
416,  1483
417,  1483
418,  1483
419,  1483
420,  1483
421,  1483
422,  1483
423,  1483
424,  3145
425,  1206
426,  115
427,  115
428,  206
429,  168
430,  115
431,  115
432,  204
433,  166
434,  1483
435,  1483
436,  3145
437,  1483
438,  1663
439,  115
440,  115
441,  115
442,  115
443,  147
444,  1483
445,  1483
446,  3145
447,  842
448,  115
449,  115
450,  115
451,  414
452,  115
453,  244
454,  157
455,  115
456,  1483
457,  1483
458,  1483
459,  1483
460,  1483
461,  1483
462,  1483
463,  262
464,  4558
465,  205
466,  115
467,  115
468,  115
469,  1483
470,  1483
471,  3145
472,  530
473,  115
474,  115
475,  115
476,  190
477,  162
478,  115
479,  187
480,  161
481,  115
482,  1483
483,  1483
484,  3145
485,  1483
486,  1663
487,  115
488,  115
489,  115
490,  1483
491,  1483
492,  1483
493,  3145
494,  734
495,  734
496,  115
497,  115
498,  115
499,  191
500,  191
501,  191
502,  191
503,  191
504,  161
505,  172
506,  250
507,  177
508,  115
509,  115
510,  169
511,  169
512,  1483
513,  1483
514,  3145
515,  1483
516,  1663
517,  1483
518,  1483
519,  1483
520,  1483
521,  3145
522,  1483
523,  1483
524,  1483
525,  1663
526,  807
527,  152
528,  115
529,  115
530,  115
531,  115
532,  115
533,  115
534,  115
535,  115
536,  115
537,  147
538,  163
539,  115
540,  115
541,  115
542,  1050
543,  115
544,  217
545,  225
546,  208
547,  1533
548,  1533
549,  1533
550,  176
551,  115
552,  115
553,  115
554,  115
555,  115
556,  115
557,  1533
558,  1533
559,  1533
560,  245
561,  115
562,  115
563,  1533
564,  1533
565,  1533
566,  223
567,  1533
568,  1533
569,  1533
570,  115
571,  115
572,  115
573,  1533
574,  1533
575,  1533
576,  1533
577,  160
578,  1533
579,  1533
580,  145
581,  1533
582,  1533
583,  1533
584,  233
585,  1533
586,  1533
587,  1380
588,  182
589,  337
590,  248
591,  115
592,  115
593,  115
594,  115
595,  115
596,  115
597,  115
598,  115
599,  115
600,  115
601,  115
602,  115
603,  154
604,  115
605,  115
606,  147
607,  147
608,  147
609,  429
610,  198
611,  115
612,  123
613,  123
614,  151
615,  139
616,  172
617,  154
618,  154
619,  839
620,  115
621,  115
622,  154
623,  115
624,  115
625,  115
626,  180
627,  491
628,  161
629,  161
630,  161
631,  115
632,  115
633,  161
634,  161
635,  161
636,  161
637,  154
638,  115
639,  115
640,  154
641,  154
642,  154
643,  154
644,  154
645,  115
646,  216
647,  154
648,  154
649,  881
650,  176
651,  1483
652,  1483
653,  3145
654,  1483
655,  3447
656,  115
657,  115
658,  115
659,  115
660,  115
661,  154
662,  115
663,  181
664,  280
665,  395
666,  154
667,  115
668,  115
669,  115
670,  154
671,  1483
672,  1483
673,  1483
674,  1483
675,  115
676,  115
677,  262
678,  1483
679,  115
680,  115
681,  1097
682,  115
683,  429
684,  180
685,  283
686,  358
687,  154
688,  115
689,  115
690,  198
691,  154
692,  115
693,  89
694,  115
695,  429
696,  115
697,  198
698,  115
699,  115
700,  115
701,  89
702,  115
703,  115
704,  89
705,  91
706,  91
707,  95
708,  95
709,  95
710,  95
711,  95
712,  95
713,  95
714,  95
715,  176
716,  176
717,  662
718,  115
719,  115
720,  180
721,  357
722,  115
723,  115
724,  154
725,  154
726,  154
727,  154
728,  154
729,  154
730,  154
731,  115
732,  639
733,  418
734,  414
735,  639
736,  115
737,  115
738,  95
739,  95
740,  95
741,  95
742,  95
743,  130
744,  140
745,  269
746,  207
747,  131
748,  448
749,  131
750,  317
751,  130
752,  140
753,  269
754,  207
755,  131
756,  448
757,  131
758,  317
759,  639
760,  464
761,  536
762,  532
763,  512
764,  544
765,  526
766,  528
767,  528
768,  464
769,  536
770,  532
771,  512
772,  544
773,  526
774,  528
775,  528
776,  115
777,  115
778,  115
779,  115
780,  115
781,  115
782,  115
783,  115
784,  209
785,  154
786,  211
787,  115
788,  115
789,  115
790,  154
791,  115
792,  1483
793,  1483
794,  3145
795,  1483
796,  1483
797,  3145
798,  225
799,  1483
800,  1483
801,  3145
802,  127
803,  135
804,  135
805,  1483
806,  1483
807,  262
808,  1483
809,  135
810,  1483
811,  1483
812,  1483
813,  143
814,  143
815,  1483
816,  1483
817,  262
818,  1483
819,  135
820,  135
821,  4366
822,  1483
823,  1483
824,  1483
825,  1483
826,  1483
827,  1483
828,  1483
829,  1483
830,  135
831,  1483
832,  1483
833,  1483
834,  1483
835,  1483
836,  127
837,  1483
838,  1483
839,  262
840,  115
841,  1483
842,  1483
843,  1483
844,  115
845,  1483
846,  1483
847,  182
848,  153
849,  169
850,  115
851,  1483
852,  115
853,  1483
854,  1483
855,  91
856,  91
857,  449
858,  115
859,  1483
860,  1483
861,  115
862,  1483
863,  6866
864,  414
865,  414
866,  639
867,  639
868,  639
869,  639
870,  639
871,  1483
872,  1483
873,  1483
874,  1483
875,  1483
876,  115
877,  1483
878,  1483
879,  1483
880,  169
881,  115
882,  115
883,  1483
884,  1483
885,  182
886,  115
887,  115
888,  1483
889,  1483
890,  1483
891,  1483
892,  1483
893,  1483
894,  115
895,  1483
896,  1483
897,  1483
898,  115
899,  1483
900,  1483
901,  169
902,  115
903,  1483
904,  115
905,  1483
906,  1483
907,  1483
908,  1483
909,  1483
910,  127
911,  1483
912,  1483
913,  1483
914,  1483
915,  1483
916,  1483
917,  127
918,  1483
919,  135
920,  1483
921,  135
922,  1483
923,  135
924,  1483
925,  135
926,  135
927,  1483
928,  135
929,  1483
930,  1483
931,  135
932,  135
933,  1483
934,  1483
935,  1483
936,  135
937,  135
938,  1483
939,  1483
940,  1483
941,  127
942,  127
943,  127
944,  1483
945,  1483
946,  1483
947,  135
948,  1483
949,  127
950,  1483
951,  127
952,  1483
953,  127
954,  1483
955,  127
956,  1483
957,  127
958,  1483
959,  127
960,  1483
961,  1483
962,  181
963,  115
964,  1483
965,  115
966,  1483
967,  1483
968,  1483
969,  115
970,  1483
971,  1483
972,  127
973,  127
974,  1483
975,  1483
976,  1483
977,  1483
978,  115
979,  115
980,  127
981,  1483
982,  1483
983,  1483
984,  1483
985,  1483
986,  1483
987,  1483
988,  1483
989,  115
990,  1483
991,  1483
992,  157
993,  115
994,  115
995,  115
996,  1483
997,  169
998,  115
999,  115
1000,  1483
1001,  1483
1002,  1483
1003,  127
1004,  127
1005,  1483
1006,  1483
1007,  1483
1008,  1483
1009,  1483
1010,  1483
1011,  1483
1012,  127
1013,  1483
1014,  127
1015,  1483
1016,  127
1017,  1483
1018,  1483
1019,  127
1020,  1483
1021,  127
1022,  1483
1023,  1483
1024,  127
1025,  127
1026,  1483
1027,  1483
1028,  1483
1029,  1483
1030,  1483
1031,  1483
1032,  1483
1033,  1483
1034,  1483
1035,  1483
1036,  1483
1037,  115
1038,  1483
1039,  1483
1040,  115
1041,  1483
1042,  201
1043,  157
1044,  115
1045,  201
1046,  157
1047,  115
1048,  115
1049,  192
1050,  157
1051,  115
1052,  196
1053,  196
1054,  157
1055,  193
1056,  157
1057,  115
1058,  115
1059,  198
1060,  157
1061,  115
1062,  191
1063,  157
1064,  115
1065,  194
1066,  157
1067,  115
1068,  127
1069,  1483
1070,  127
1071,  1483
1072,  127
1073,  1483
1074,  127
1075,  127
1076,  127
1077,  1483
1078,  1483
1079,  1483
1080,  1483
1081,  429
1082,  115
1083,  1483
1084,  115
1085,  1483
1086,  1483
1087,  198
1088,  115
1089,  115
1090,  115
1091,  1483
1092,  1483
1093,  1483
1094,  197
1095,  157
1096,  115
1097,  192
1098,  157
1099,  198
1100,  157
1101,  208
1102,  157
1103,  115
1104,  115
1105,  115
1106,  115
1107,  127
1108,  1483
1109,  127
1110,  1483
1111,  181
1112,  127
1113,  127
1114,  127
1115,  127
1116,  127
1117,  115
1118,  1483
1119,  1483
1120,  1483
1121,  204
1122,  169
1123,  115
1124,  209
1125,  169
1126,  115
1127,  206
1128,  169
1129,  115
1130,  203
1131,  169
1132,  115
1133,  115
1134,  205
1135,  169
1136,  115
1137,  115
1138,  115
1139,  1483
1140,  115
1141,  1483
1142,  1483
1143,  127
1144,  1483
1145,  204
1146,  169
1147,  115
1148,  204
1149,  204
1150,  169
1151,  115
1152,  208
1153,  169
1154,  115
1155,  205
1156,  169
1157,  115
1158,  127
1159,  1483
1160,  127
1161,  1483
1162,  127
1163,  1483
1164,  1483
1165,  115
1166,  1483
1167,  115
1168,  1483
1169,  1483
1170,  115
1171,  1483
1172,  127
1173,  1483
1174,  1483
1175,  1483
1176,  202
1177,  202
1178,  169
1179,  169
1180,  115
1181,  208
1182,  208
1183,  208
1184,  169
1185,  115
1186,  200
1187,  169
1188,  115
1189,  115
1190,  115
1191,  203
1192,  169
1193,  169
1194,  115
1195,  127
1196,  1483
1197,  127
1198,  1483
1199,  127
1200,  127
1201,  1483
1202,  1483
1203,  115
1204,  1483
1205,  115
1206,  1483
1207,  1483
1208,  115
1209,  1483
1210,  127
1211,  1483
1212,  205
1213,  169
1214,  115
1215,  201
1216,  169
1217,  201
1218,  169
1219,  115
1220,  115
1221,  115
1222,  209
1223,  169
1224,  169
1225,  115
1226,  127
1227,  1483
1228,  127
1229,  1483
1230,  1483
1231,  115
1232,  1483
1233,  115
1234,  1483
1235,  1483
1236,  115
1237,  1483
1238,  127
1239,  1483
1240,  127
1241,  1483
1242,  127
1243,  127
1244,  1483
1245,  181
1246,  127
1247,  115
1248,  127
1249,  1483
1250,  1483
1251,  1483
1252,  115
1253,  21531
1254,  115
1255,  1483
1256,  1483
1257,  115
1258,  115
1259,  115
1260,  1483
1261,  147
1262,  147
1263,  127
1264,  1483
1265,  127
1266,  1483
1267,  127
1268,  1483
1269,  127
1270,  1483
1271,  1483
1272,  232
1273,  179
1274,  115
1275,  115
1276,  192
1277,  171
1278,  115
1279,  115
1280,  115
1281,  115
1282,  1483
1283,  115
1284,  1483
1285,  1483
1286,  115
1287,  1483
1288,  193
1289,  167
1290,  115
1291,  115
1292,  127
1293,  127
1294,  127
1295,  127
1296,  1483
1297,  1483
1298,  1483
1299,  1483
1300,  1483
1301,  127
1302,  1483
1303,  127
1304,  1483
1305,  127
1306,  1483
1307,  1483
1308,  115
1309,  1483
1310,  115
1311,  1483
1312,  1483
1313,  269
1314,  448
1315,  317
1316,  115
1317,  1483
1318,  127
1319,  1483
1320,  1483
1321,  269
1322,  448
1323,  317
1324,  127
1325,  127
1326,  127
1327,  1483
1328,  127
1329,  127
1330,  1483
1331,  1483
1332,  211
1333,  178
1334,  115
1335,  213
1336,  180
1337,  115
1338,  115
1339,  1483
1340,  1483
1341,  1483
1342,  115
1343,  1483
1344,  1483
1345,  115
1346,  1483
1347,  127
1348,  1483
1349,  215
1350,  178
1351,  115
1352,  218
1353,  182
1354,  115
1355,  211
1356,  177
1357,  115
1358,  127
1359,  1483
1360,  127
1361,  1483
1362,  1483
1363,  127
1364,  1483
1365,  115
1366,  1483
1367,  115
1368,  1483
1369,  1483
1370,  1483
1371,  1483
1372,  115
1373,  115
1374,  1483
1375,  1483
1376,  1483
1377,  1483
1378,  364
1379,  193
1380,  163
1381,  165
1382,  115
1383,  115
1384,  115
1385,  1483
1386,  147
1387,  147
1388,  147
1389,  147
1390,  147
1391,  147
1392,  127
1393,  1483
1394,  147
1395,  127
1396,  1483
1397,  127
1398,  1483
1399,  127
1400,  127
1401,  127
1402,  1483
1403,  127
1404,  1483
1405,  1483
1406,  115
1407,  1483
1408,  115
1409,  1483
1410,  1483
1411,  115
1412,  1483
1413,  188
1414,  165
1415,  115
1416,  127
1417,  1483
1418,  127
1419,  1483
1420,  127
1421,  1483
1422,  127
1423,  1483
1424,  1483
1425,  206
1426,  173
1427,  213
1428,  180
1429,  188
1430,  115
1431,  115
1432,  297
1433,  188
1434,  115
1435,  115
1436,  115
1437,  175
1438,  175
1439,  115
1440,  1483
1441,  115
1442,  1483
1443,  1483
1444,  448
1445,  269
1446,  448
1447,  317
1448,  127
1449,  1483
1450,  1483
1451,  127
1452,  1483
1453,  227
1454,  236
1455,  220
1456,  115
1457,  1533
1458,  1557
1459,  1533
1460,  1533
1461,  2951
1462,  1678
1463,  1533
1464,  1557
1465,  1533
1466,  115
1467,  2951
1468,  1631
1469,  115
1470,  115
1471,  115
1472,  1533
1473,  1557
1474,  1533
1475,  2951
1476,  1662
1477,  115
1478,  1533
1479,  1557
1480,  1533
1481,  2951
1482,  1663
1483,  115
1484,  115
1485,  115
1486,  115
1487,  115
1488,  1533
1489,  1557
1490,  1533
1491,  2951
1492,  1632
1493,  1533
1494,  1557
1495,  1533
1496,  1533
1497,  2951
1498,  1533
1499,  1569
1500,  1533
1501,  1533
1502,  1557
1503,  1533
1504,  2951
1505,  1600
1506,  127
1507,  1533
1508,  1557
1509,  1533
1510,  115
1511,  115
1512,  115
1513,  115
1514,  115
1515,  115
1516,  1483
1517,  1483
1518,  2951
1519,  1561
1520,  147
1521,  1533
1522,  1557
1523,  900
1524,  1483
1525,  115
1526,  115
1527,  115
1528,  115
1529,  1483
1530,  115
1531,  1483
1532,  1483
1533,  115
1534,  1483
1535,  127
1536,  1483
1537,  127
1538,  1483
1539,  127
1540,  181
1541,  1483
1542,  115
1543,  127
1544,  1483
1545,  1483
1546,  115
1547,  1483
1548,  115
1549,  115
1550,  1483
1551,  1483
1552,  115
1553,  1483
1554,  127
1555,  1483
1556,  147
1557,  127
1558,  1483
1559,  1483
1560,  1483
1561,  127
1562,  1483
1563,  1483
1564,  127
1565,  1483
1566,  1483
1567,  115
1568,  115
1569,  1483
1570,  1483
1571,  115
1572,  1483
1573,  127
1574,  1483
1575,  127
1576,  1483
1577,  127
1578,  1483
1579,  154
1580,  790
1581,  127
1582,  127
1583,  1483
1584,  1483
1585,  115
1586,  115
1587,  115
1588,  154
1589,  115
1590,  115
1591,  115
1592,  115
1593,  115
1594,  1483
1595,  1483
1596,  1483
1597,  115
1598,  115
1599,  115
1600,  1483
1601,  1483
1602,  1483
1603,  115
1604,  1483
1605,  180
1606,  292
1607,  374
1608,  374
1609,  374
1610,  374
1611,  154
1612,  115
1613,  115
1614,  115
1615,  115
1616,  154
1617,  154
1618,  154
1619,  154
1620,  127
1621,  1483
1622,  115
1623,  127
1624,  1483
1625,  127
1626,  1483
1627,  127
1628,  1483
1629,  1483
1630,  115
1631,  115
1632,  1483
1633,  1483
1634,  1483
1635,  115
1636,  1483
1637,  1483
1638,  127
1639,  1483
1640,  127
1641,  1483
1642,  1483
1643,  1483
1644,  181
1645,  115
1646,  127
1647,  1483
1648,  127
1649,  1483
1650,  1483
1651,  115
1652,  150
1653,  1483
1654,  1483
1655,  1483
1656,  115
1657,  115
1658,  115
1659,  1483
1660,  115
1661,  1483
1662,  127
1663,  1483
1664,  147
1665,  127
1666,  127
1667,  127
1668,  127
1669,  127
1670,  127
1671,  1483
1672,  127
1673,  1483
1674,  115
1675,  115
1676,  115
1677,  115
1678,  115
1679,  1483
1680,  1483
1681,  1483
1682,  115
1683,  1483
1684,  1483
1685,  115
1686,  127
1687,  1483
1688,  127
1689,  1483
1690,  127
1691,  1483
1692,  1483
1693,  127
1694,  1483
1695,  1483
1696,  115
1697,  1483
1698,  115
1699,  1483
1700,  1483
1701,  115
1702,  1483
1703,  1483
1704,  127
1705,  1483
1706,  127
1707,  1483
1708,  127
1709,  1483
1710,  1483
1711,  1483
1712,  1483
1713,  127
1714,  1483
1715,  1483
1716,  115
1717,  1483
1718,  115
1719,  1483
1720,  1483
1721,  115
1722,  115
1723,  1483
1724,  127
1725,  1483
1726,  127
1727,  1483
1728,  181
1729,  115
1730,  127
1731,  1483
1732,  127
1733,  1483
1734,  1483
1735,  115
1736,  1483
1737,  115
1738,  1483
1739,  1483
1740,  115
1741,  1483
1742,  127
1743,  1483
1744,  127
1745,  1483
1746,  127
1747,  1483
1748,  1483
1749,  198
1750,  115
1751,  115
1752,  1483
1753,  115
1754,  1483
1755,  1483
1756,  115
1757,  1483
1758,  127
1759,  1483
1760,  127
1761,  1483
1762,  127
1763,  1483
1764,  127
1765,  127
1766,  1483
1767,  1483
1768,  115
1769,  1483
1770,  115
1771,  1483
1772,  1483
1773,  115
1774,  1483
1775,  1483
1776,  1483
1777,  1483
1778,  1483
1779,  1483
1780,  1483
1781,  127
1782,  1483
1783,  127
1784,  1483
1785,  1483
1786,  127
1787,  127
1788,  127
1789,  1483
1790,  127
1791,  1483
1792,  1483
1793,  115
1794,  1483
1795,  1483
1796,  115
1797,  115
1798,  115
1799,  115
1800,  1483
1801,  1483
1802,  1483
1803,  1483
1804,  115
1805,  1483
1806,  1483
1807,  115
1808,  1483
1809,  1483
1810,  127
1811,  1483
1812,  181
1813,  115
1814,  127
1815,  1483
1816,  127
1817,  1483
1818,  1483
1819,  1483
1820,  127
1821,  1483
1822,  1483
1823,  115
1824,  1483
1825,  115
1826,  1483
1827,  1483
1828,  115
1829,  1483
1830,  147
1831,  127
1832,  1483
1833,  127
1834,  1483
1835,  429
1836,  127
1837,  162
1838,  428
1839,  198
1840,  115
1841,  127
1842,  115
1843,  127
1844,  1483
1845,  1483
1846,  1483
1847,  115
1848,  157
1849,  336
1850,  147
1851,  146
1852,  154
1853,  146
1854,  115
1855,  115
1856,  115
1857,  115
1858,  115
1859,  154
1860,  115
1861,  147
1862,  147
1863,  147
1864,  147
1865,  147
1866,  210
1867,  154
1868,  154
1869,  881
1870,  176
1871,  1483
1872,  1483
1873,  3145
1874,  1483
1875,  3811
1876,  115
1877,  115
1878,  115
1879,  115
1880,  115
1881,  154
1882,  115
1883,  181
1884,  278
1885,  154
1886,  115
1887,  1483
1888,  115
1889,  1483
1890,  262
1891,  1483
1892,  1483
1893,  123
1894,  123
1895,  115
1896,  115
1897,  115
1898,  115
1899,  139
1900,  262
1901,  1483
1902,  151
1903,  151
1904,  115
1905,  115
1906,  115
1907,  1279
1908,  115
1909,  180
1910,  334
1911,  115
1912,  115
1913,  300
1914,  154
1915,  115
1916,  154
1917,  115
1918,  115
1919,  115
1920,  115
1921,  95
1922,  95
1923,  95
1924,  95
1925,  95
1926,  95
1927,  95
1928,  95
1929,  95
1930,  95
1931,  95
1932,  639
1933,  176
1934,  711
1935,  115
1936,  115
1937,  180
1938,  432
1939,  338
1940,  154
1941,  115
1942,  115
1943,  115
1944,  154
1945,  115
1946,  115
1947,  115
1948,  414
1949,  639
1950,  639
1951,  115
1952,  115
1953,  395
1954,  91
1955,  91
1956,  95
1957,  95
1958,  95
1959,  95
1960,  95
1961,  639
1962,  464
1963,  536
1964,  536
1965,  532
1966,  512
1967,  544
1968,  526
1969,  528
1970,  528
1971,  464
1972,  536
1973,  532
1974,  512
1975,  544
1976,  526
1977,  528
1978,  528
1979,  115
1980,  115
1981,  115
1982,  115
1983,  115
1984,  115
1985,  414
1986,  414
1987,  414
1988,  414
1989,  414
1990,  639
1991,  115
1992,  115
1993,  429
1994,  198
1995,  115
1996,  115
1997,  115
1998,  429
1999,  198
2000,  115
2001,  115
2002,  115
2003,  115
2004,  115
2005,  429
2006,  198
2007,  115
2008,  147
2009,  147
2010,  147
2011,  95
2012,  95
2013,  95
2014,  95
2015,  95
2016,  147
2017,  147
2018,  639
2019,  147
2020,  147
2021,  147
2022,  147
2023,  147
2024,  147
2025,  147
2026,  115
2027,  115
2028,  147
2029,  147
2030,  123
2031,  123
2032,  123
2033,  139
2034,  151
2035,  414
2036,  639
2037,  91
2038,  91
2039,  89
2040,  89
2041,  89
2042,  131
2043,  130
2044,  317
2045,  269
2046,  131
2047,  448
2048,  89
2049,  141
2050,  141
2051,  115
2052,  115
2053,  115
2054,  89
2055,  89
2056,  115
2057,  115
2058,  89
2059,  95
2060,  95
2061,  95
2062,  95
2063,  95
2064,  89
2065,  89
2066,  639
2067,  115
2068,  115
2069,  464
2070,  536
2071,  532
2072,  512
2073,  544
2074,  526
2075,  528
2076,  528
2077,  464
2078,  536
2079,  532
2080,  512
2081,  544
2082,  526
2083,  528
2084,  528
2085,  115
2086,  115
2087,  115
2088,  639
2089,  429
2090,  429
2091,  429
2092,  429
2093,  429
2094,  198
2095,  115
2096,  269
2097,  448
2098,  317
2099,  269
2100,  448
2101,  317
2102,  269
2103,  448
2104,  317
2105,  269
2106,  448
2107,  317
2108,  429
2109,  429
2110,  429
2111,  198
2112,  115
2113,  115
2114,  198
2115,  429
2116,  429
2117,  429
2118,  429
2119,  429
2120,  198
2121,  115
2122,  115
2123,  115
2124,  115
2125,  115
2126,  115
2127,  115
2128,  115
2129,  91
2130,  91
2131,  95
2132,  95
2133,  95
2134,  95
2135,  95
2136,  89
2137,  639
2138,  89
2139,  89
2140,  89
2141,  89
2142,  89
2143,  115
2144,  115
2145,  115
2146,  115
2147,  115
2148,  115
2149,  115
2150,  89
2151,  89
2152,  89
2153,  414
2154,  639
2155,  147
2156,  147
2157,  115
2158,  115
2159,  115
2160,  115
2161,  115
2162,  115
2163,  115
2164,  115
2165,  147
2166,  147
2167,  147
2168,  147
2169,  147
2170,  89
2171,  147
2172,  89
2173,  147
2174,  89
2175,  91
2176,  147
2177,  115
2178,  115
2179,  147
2180,  147
2181,  147
2182,  147
2183,  147
2184,  123
2185,  123
2186,  151
2187,  139
2188,  95
2189,  95
2190,  95
2191,  95
2192,  95
2193,  95
2194,  95
2195,  95
2196,  639
2197,  464
2198,  536
2199,  532
2200,  512
2201,  544
2202,  526
2203,  528
2204,  528
2205,  464
2206,  464
2207,  536
2208,  532
2209,  512
2210,  512
2211,  544
2212,  526
2213,  528
2214,  528
2215,  115
2216,  115
2217,  414
2218,  639
2219,  147
2220,  147
2221,  147
2222,  147
2223,  429
2224,  198
2225,  115
2226,  147
2227,  147
2228,  147
2229,  147
2230,  147
2231,  269
2232,  269
2233,  269
2234,  269
2235,  448
2236,  317
2237,  147
2238,  147
2239,  269
2240,  448
2241,  317
2242,  269
2243,  448
2244,  317
2245,  147
2246,  147
2247,  269
2248,  448
2249,  317
2250,  147
2251,  147
2252,  147
2253,  147
2254,  429
2255,  198
2256,  115
2257,  147
2258,  147
2259,  429
2260,  429
2261,  429
2262,  429
2263,  429
2264,  198
2265,  115
2266,  147
2267,  147
2268,  147
2269,  147
2270,  115
2271,  135
2272,  115
2273,  147
2274,  147
2275,  147
2276,  147
2277,  147
2278,  147
2279,  147
2280,  147
2281,  147
2282,  147
2283,  147
2284,  147
2285,  147
2286,  147
2287,  147
2288,  147
2289,  115
2290,  115
2291,  115
2292,  115
2293,  115
2294,  115
2295,  115
2296,  147
2297,  147
2298,  147
2299,  95
2300,  95
2301,  95
2302,  95
2303,  95
2304,  147
2305,  639
2306,  639
2307,  639
2308,  639
2309,  115
2310,  115
2311,  91
2312,  91
2313,  414
2314,  414
2315,  414
2316,  414
2317,  639
2318,  395
2319,  141
2320,  141
2321,  141
2322,  115
2323,  115
2324,  115
2325,  147
2326,  147
2327,  147
2328,  147
2329,  147
2330,  147
2331,  147
2332,  91
2333,  91
2334,  147
2335,  147
2336,  95
2337,  95
2338,  95
2339,  95
2340,  95
2341,  147
2342,  639
2343,  147
2344,  147
2345,  147
2346,  147
2347,  464
2348,  536
2349,  532
2350,  532
2351,  512
2352,  544
2353,  526
2354,  528
2355,  528
2356,  464
2357,  536
2358,  532
2359,  512
2360,  544
2361,  526
2362,  528
2363,  528
2364,  123
2365,  123
2366,  139
2367,  151
2368,  115
2369,  115
2370,  115
2371,  115
2372,  115
2373,  115
2374,  115
2375,  414
2376,  639
2377,  115
2378,  115
2379,  429
2380,  198
2381,  115
2382,  269
2383,  448
2384,  448
2385,  317
2386,  269
2387,  448
2388,  317
2389,  115
2390,  115
2391,  91
2392,  91
2393,  269
2394,  448
2395,  317
2396,  269
2397,  448
2398,  317
2399,  429
2400,  198
2401,  198
2402,  115
2403,  198
2404,  171
2405,  115
2406,  115
2407,  429
2408,  198
2409,  115
2410,  171
2411,  115
2412,  115
2413,  115
2414,  95
2415,  95
2416,  95
2417,  95
2418,  95
2419,  95
2420,  639
2421,  171
2422,  115
2423,  115
2424,  115
2425,  115
2426,  115
2427,  115
2428,  414
2429,  639
2430,  91
2431,  91
2432,  95
2433,  95
2434,  95
2435,  95
2436,  95
2437,  95
2438,  95
2439,  95
2440,  95
2441,  95
2442,  95
2443,  95
2444,  639
2445,  464
2446,  464
2447,  536
2448,  532
2449,  512
2450,  544
2451,  526
2452,  528
2453,  528
2454,  464
2455,  464
2456,  464
2457,  464
2458,  536
2459,  536
2460,  532
2461,  512
2462,  544
2463,  526
2464,  526
2465,  526
2466,  528
2467,  528
2468,  115
2469,  115
2470,  147
2471,  147
2472,  147
2473,  147
2474,  147
2475,  147
2476,  147
2477,  115
2478,  147
2479,  115
2480,  147
2481,  147
2482,  147
2483,  91
2484,  91
2485,  147
2486,  414
2487,  639
2488,  147
2489,  147
2490,  147
2491,  147
2492,  147
2493,  429
2494,  198
2495,  115
2496,  147
2497,  269
2498,  448
2499,  448
2500,  317
2501,  269
2502,  448
2503,  317
2504,  123
2505,  123
2506,  151
2507,  139
2508,  269
2509,  448
2510,  317
2511,  269
2512,  448
2513,  317
2514,  429
2515,  198
2516,  115
2517,  115
2518,  115
2519,  429
2520,  198
2521,  115
2522,  123
2523,  139
2524,  123
2525,  123
2526,  115
2527,  699
2528,  115
2529,  327
2530,  115
2531,  179
2532,  207
2533,  407
2534,  407
2535,  213
2536,  1483
2537,  1483
2538,  3145
2539,  1483
2540,  1483
2541,  115
2542,  695
2543,  146
2544,  115
2545,  127
2546,  127
2547,  127
2548,  127
2549,  127
2550,  127
2551,  1483
2552,  1483
2553,  4366
2554,  1483
2555,  1483
2556,  4366
2557,  1483
2558,  1483
2559,  135
2560,  135
2561,  262
2562,  3145
2563,  4366
2564,  135
2565,  3638
2566,  1483
2567,  1483
2568,  127
2569,  115
2570,  3843
2571,  1483
2572,  4366
2573,  115
2574,  1483
2575,  4366
2576,  115
2577,  1483
2578,  1483
2579,  115
2580,  115
2581,  4366
2582,  1483
2583,  4366
2584,  1483
2585,  115
2586,  150
2587,  150
2588,  1483
2589,  3638
2590,  1483
2591,  115
2592,  115
2593,  4366
2594,  1483
2595,  4366
2596,  1483
2597,  115
2598,  4366
2599,  115
2600,  115
2601,  1483
2602,  4366
2603,  115
2604,  115
2605,  1483
2606,  4366
2607,  115
2608,  1483
2609,  115
2610,  115
2611,  115
2612,  115
2613,  115
2614,  115
2615,  115
2616,  115
2617,  3638
2618,  1483
2619,  115
2620,  115
2621,  4366
2622,  1483
2623,  1483
2624,  115
2625,  115
2626,  4366
2627,  1483
2628,  127
2629,  127
2630,  4366
2631,  127
2632,  127
2633,  1483
2634,  127
2635,  1483
2636,  127
2637,  1483
2638,  127
2639,  4366
2640,  127
2641,  1483
2642,  127
2643,  1483
2644,  127
2645,  4366
2646,  1483
2647,  115
2648,  3638
2649,  115
2650,  1483
2651,  4366
2652,  115
2653,  1483
2654,  115
2655,  4366
2656,  115
2657,  1899
2658,  115
2659,  1483
2660,  115
2661,  115
2662,  115
2663,  115
2664,  4366
2665,  1483
2666,  115
2667,  4366
2668,  115
2669,  115
2670,  115
2671,  115
2672,  1483
2673,  825
2674,  115
2675,  115
2676,  115
2677,  522
2678,  153
2679,  169
2680,  115
2681,  115
2682,  95
2683,  1483
2684,  1483
2685,  3145
2686,  1483
2687,  1663
2688,  127
2689,  127
2690,  1483
2691,  1483
2692,  95
2693,  95
2694,  127
2695,  4366
2696,  135
2697,  135
2698,  1483
2699,  262
2700,  1483
2701,  95
2702,  127
2703,  4366
2704,  135
2705,  2718
2706,  202
2707,  469
2708,  135
2709,  115
2710,  1483
2711,  135
2712,  127
2713,  1483
2714,  4366
2715,  2941
2716,  340
2717,  340
2718,  340
2719,  340
2720,  173
2721,  115
2722,  211
2723,  169
2724,  115
2725,  209
2726,  169
2727,  169
2728,  115
2729,  210
2730,  169
2731,  115
2732,  210
2733,  169
2734,  127
2735,  1483
2736,  1483
2737,  205
2738,  205
2739,  169
2740,  115
2741,  205
2742,  169
2743,  115
2744,  211
2745,  169
2746,  115
2747,  135
2748,  4366
2749,  127
2750,  127
2751,  1483
2752,  127
2753,  127
2754,  127
2755,  1483
2756,  187
2757,  207
2758,  169
2759,  115
2760,  204
2761,  169
2762,  115
2763,  203
2764,  169
2765,  115
2766,  218
2767,  169
2768,  127
2769,  127
2770,  115
2771,  127
2772,  115
2773,  115
2774,  1483
2775,  1483
2776,  3145
2777,  190
2778,  190
2779,  190
2780,  190
2781,  157
2782,  189
2783,  157
2784,  115
2785,  115
2786,  115
2787,  193
2788,  157
2789,  115
2790,  190
2791,  157
2792,  194
2793,  157
2794,  115
2795,  115
2796,  1483
2797,  1483
2798,  127
2799,  1483
2800,  262
2801,  1483
2802,  127
2803,  1483
2804,  181
2805,  181
2806,  135
2807,  115
2808,  127
2809,  1483
2810,  127
2811,  1483
2812,  127
2813,  1483
2814,  1483
2815,  127
2816,  127
2817,  127
2818,  639
2819,  127
2820,  1483
2821,  1483
2822,  262
2823,  262
2824,  115
2825,  1483
2826,  1483
2827,  194
2828,  194
2829,  157
2830,  115
2831,  169
2832,  115
2833,  1483
2834,  115
2835,  1483
2836,  1483
2837,  1483
2838,  115
2839,  1483
2840,  127
2841,  1483
2842,  127
2843,  1483
2844,  181
2845,  115
2846,  127
2847,  1483
2848,  127
2849,  1483
2850,  1483
2851,  127
2852,  115
2853,  1483
2854,  1483
2855,  115
2856,  115
2857,  1483
2858,  1483
2859,  1483
2860,  223
2861,  167
2862,  115
2863,  115
2864,  115
2865,  1483
2866,  1483
2867,  1483
2868,  1483
2869,  115
2870,  1483
2871,  115
2872,  115
2873,  115
2874,  115
2875,  115
2876,  1483
2877,  1483
2878,  115
2879,  1483
2880,  1483
2881,  115
2882,  115
2883,  1483
2884,  1483
2885,  115
2886,  1483
2887,  115
2888,  1483
2889,  1483
2890,  1483
2891,  1483
2892,  115
2893,  1483
2894,  115
2895,  1483
2896,  203
2897,  167
2898,  115
2899,  115
2900,  115
2901,  1483
2902,  1483
2903,  1483
2904,  115
2905,  1483
2906,  1483
2907,  115
2908,  1483
2909,  209
2910,  168
2911,  115
2912,  115
2913,  115
2914,  115
2915,  1483
2916,  1483
2917,  1483
2918,  1483
2919,  115
2920,  1483
2921,  115
2922,  115
2923,  1483
2924,  1483
2925,  1483
2926,  1483
2927,  1483
2928,  115
2929,  1483
2930,  203
2931,  168
2932,  115
2933,  208
2934,  167
2935,  115
2936,  115
2937,  115
2938,  1483
2939,  1483
2940,  1483
2941,  1483
2942,  115
2943,  1483
2944,  115
2945,  1483
2946,  205
2947,  168
2948,  115
2949,  115
2950,  1483
2951,  1483
2952,  115
2953,  1483
2954,  33098
2955,  115
2956,  115
2957,  115
2958,  1483
2959,  115
2960,  1483
2961,  115
2962,  115
2963,  1483
2964,  1483
2965,  1483
2966,  1483
2967,  1483
2968,  115
2969,  1483
2970,  115
2971,  1483
2972,  169
2973,  247
2974,  157
2975,  115
2976,  115
2977,  115
2978,  1483
2979,  1483
2980,  1483
2981,  1483
2982,  115
2983,  1483
2984,  115
2985,  1483
2986,  115
2987,  115
2988,  115
2989,  1483
2990,  196
2991,  162
2992,  127
2993,  1483
2994,  208
2995,  173
2996,  231
2997,  187
2998,  115
2999,  115
3000,  127
3001,  115
3002,  1483
3003,  239
3004,  182
3005,  127
3006,  115
3007,  1483
3008,  1483
3009,  127
3010,  1483
3011,  127
3012,  1483
3013,  91
3014,  91
3015,  127
3016,  1483
3017,  1483
3018,  127
3019,  1483
3020,  1483
3021,  175
3022,  128
3023,  115
3024,  1334
3025,  115
3026,  128
3027,  128
3028,  168
3029,  168
3030,  123
3031,  1483
3032,  144
3033,  123
3034,  127
3035,  123
3036,  1483
3037,  1483
3038,  115
3039,  704
3040,  123
3041,  115
3042,  704
3043,  115
3044,  115
3045,  115
3046,  115
3047,  327
3048,  327
3049,  327
3050,  115
3051,  115
3052,  115
3053,  179
3054,  207
3055,  481
3056,  803
3057,  115
3058,  327
3059,  115
3060,  179
3061,  207
3062,  563
3063,  1483
3064,  1483
3065,  3145
3066,  262
3067,  1041
3068,  228
3069,  235
3070,  115
3071,  1533
3072,  1557
3073,  115
3074,  1533
3075,  2951
3076,  695
3077,  146
3078,  115
3079,  115
3080,  115
3081,  146
3082,  1609
3083,  1533
3084,  1557
3085,  115
3086,  115
3087,  1533
3088,  1533
3089,  2951
3090,  1533
3091,  115
3092,  115
3093,  1533
3094,  127
3095,  115
3096,  366
3097,  1533
3098,  1533
3099,  1483
3100,  1483
3101,  115
3102,  115
3103,  115
3104,  115
3105,  146
3106,  158
3107,  1533
3108,  1533
3109,  194
3110,  1533
3111,  1533
3112,  1533
3113,  1533
3114,  1533
3115,  115
3116,  115
3117,  1533
3118,  1533
3119,  115
3120,  489
3121,  388
3122,  234
3123,  154
3124,  1533
3125,  1533
3126,  1533
3127,  115
3128,  1466
3129,  115
3130,  1533
3131,  1533
3132,  154
3133,  115
3134,  1533
3135,  1533
3136,  115
3137,  115
3138,  115
3139,  1533
3140,  1533
3141,  1533
3142,  115
3143,  564
3144,  564
3145,  564
3146,  115
3147,  1483
3148,  127
3149,  115
3150,  115
3151,  115
3152,  115
3153,  1483
3154,  1483
3155,  462
3156,  479
3157,  154
3158,  115
3159,  115
3160,  115
3161,  115
3162,  115
3163,  115
3164,  154
3165,  169
3166,  115
3167,  115
3168,  1483
3169,  115
3170,  1483
3171,  1483
3172,  1483
3173,  1483
3174,  115
3175,  1483
3176,  1483
3177,  127
3178,  127
3179,  127
3180,  127
3181,  1483
3182,  1483
3183,  1483
3184,  135
3185,  1483
3186,  135
3187,  1483
3188,  135
3189,  1483
3190,  1483
3191,  1483
3192,  127
3193,  127
3194,  1483
3195,  1483
3196,  127
3197,  127
3198,  1483
3199,  1483
3200,  1483
3201,  115
3202,  127
3203,  115
3204,  115
3205,  115
3206,  115
3207,  115
3208,  115
3209,  1483
3210,  1483
3211,  1483
3212,  1483
3213,  1483
3214,  1483
3215,  1483
3216,  1483
3217,  115
3218,  1483
3219,  1483
3220,  115
3221,  115
3222,  1483
3223,  1483
3224,  115
3225,  1483
3226,  1483
3227,  115
3228,  115
3229,  1483
3230,  1483
3231,  115
3232,  115
3233,  1483
3234,  1483
3235,  115
3236,  115
3237,  1483
3238,  512
3239,  115
3240,  115
3241,  115
3242,  115
3243,  182
3244,  153
3245,  169
3246,  115
3247,  603
3248,  123
3249,  115
3250,  1563
3251,  1563
3252,  1563
3253,  1563
3254,  6463
3255,  386
3256,  448
3257,  115
3258,  146
3259,  115
3260,  1563
3261,  1563
3262,  1563
3263,  1563
3264,  1563
3265,  1563
3266,  492
3267,  492
3268,  1563
3269,  115
3270,  596
3271,  115
3272,  115
3273,  925
3274,  115
3275,  115
3276,  1563
3277,  862
3278,  1563
3279,  4235
3280,  445
3281,  169
3282,  115
3283,  699
3284,  699
3285,  155
3286,  157
3287,  115
3288,  373
3289,  147
3290,  146
3291,  154
3292,  146
3293,  115
3294,  115
3295,  115
3296,  115
3297,  103
3298,  115
3299,  115
3300,  115
3301,  115
3302,  154
3303,  154
3304,  115
3305,  103
3306,  103
3307,  335
3308,  103
3309,  134
3310,  103
3311,  115
3312,  115
3313,  115
3314,  176
3315,  737
3316,  115
3317,  115
3318,  180
3319,  409
3320,  115
3321,  157
3322,  154
3323,  115
3324,  154
3325,  91
3326,  414
3327,  414
3328,  639
3329,  209
3330,  154
3331,  211
3332,  1483
3333,  1483
3334,  115
3335,  115
3336,  115
3337,  154
3338,  4366
3339,  1483
3340,  4366
3341,  115
3342,  1483
3343,  4366
3344,  154
3345,  127
3346,  1483
3347,  115
3348,  1483
3349,  4366
3350,  1483
3351,  1483
3352,  115
3353,  1483
3354,  4366
3355,  1483
3356,  115
3357,  1483
3358,  3638
3359,  1483
3360,  115
3361,  1483
3362,  4366
3363,  1483
3364,  115
3365,  1483
3366,  4366
3367,  1483
3368,  1483
3369,  1483
3370,  115
3371,  1483
3372,  4366
3373,  1483
3374,  1483
3375,  115
3376,  1483
3377,  4366
3378,  1483
3379,  1483
3380,  115
3381,  1483
3382,  4366
3383,  127
3384,  127
3385,  1483
3386,  1483
3387,  1483
3388,  135
3389,  1483
3390,  135
3391,  1483
3392,  135
3393,  1483
3394,  1483
3395,  1483
3396,  1483
3397,  1483
3398,  1483
3399,  1483
3400,  1483
3401,  135
3402,  202
3403,  173
3404,  189
3405,  115
3406,  115
3407,  115
3408,  141
3409,  141
3410,  115
3411,  1483
3412,  475
3413,  475
3414,  115
3415,  127
3416,  1483
3417,  1483
3418,  1483
3419,  127
3420,  1483
3421,  1483
3422,  194
3423,  194
3424,  115
3425,  115
3426,  115
3427,  115
3428,  115
3429,  1483
3430,  127
3431,  1483
3432,  1483
3433,  1483
3434,  1483
3435,  181
3436,  115
3437,  1483
3438,  127
3439,  1483
3440,  1483
3441,  1483
3442,  127
3443,  1483
3444,  1483
3445,  1483
3446,  127
3447,  1483
3448,  1483
3449,  115
3450,  1483
3451,  127
3452,  1483
3453,  1483
3454,  115
3455,  1483
3456,  1483
3457,  1483
3458,  1483
3459,  1483
3460,  91
3461,  91
3462,  1483
3463,  115
3464,  1483
3465,  1483
3466,  169
3467,  115
3468,  1483
3469,  115
3470,  1483
3471,  1483
3472,  1483
3473,  115
3474,  1483
3475,  1483
3476,  1483
3477,  115
3478,  1483
3479,  1483
3480,  169
3481,  115
3482,  1483
3483,  115
3484,  1483
3485,  1483
3486,  1483
3487,  115
3488,  1483
3489,  1483
3490,  1483
3491,  115
3492,  1483
3493,  1483
3494,  169
3495,  115
3496,  1483
3497,  115
3498,  1483
3499,  1483
3500,  1483
3501,  1483
3502,  1483
3503,  1483
3504,  115
3505,  1483
3506,  1483
3507,  1483
3508,  115
3509,  1483
3510,  1483
3511,  1483
3512,  115
3513,  1483
3514,  1483
3515,  115
3516,  115
3517,  1483
3518,  1483
3519,  1483
3520,  1483
3521,  1483
3522,  1483
3523,  127
3524,  1483
3525,  127
3526,  1483
3527,  127
3528,  1483
3529,  1483
3530,  127
3531,  127
3532,  1483
3533,  1483
3534,  115
3535,  115
3536,  1483
3537,  1483
3538,  1483
3539,  127
3540,  127
3541,  1483
3542,  1483
3543,  127
3544,  1483
3545,  127
3546,  1483
3547,  1483
3548,  1483
3549,  1483
3550,  1483
3551,  176
3552,  154
3553,  534
3554,  1483
3555,  1483
3556,  127
3557,  115
3558,  115
3559,  115
3560,  154
3561,  127
3562,  1483
3563,  1483
3564,  1483
3565,  1483
3566,  1483
3567,  1483
3568,  1483
3569,  1483
3570,  115
3571,  180
3572,  326
3573,  379
3574,  154
3575,  115
3576,  115
3577,  115
3578,  115
3579,  115
3580,  115
3581,  115
3582,  115
3583,  135
3584,  135
3585,  115
3586,  115
3587,  115
3588,  115
3589,  154
3590,  1483
3591,  1483
3592,  1483
3593,  127
3594,  127
3595,  127
3596,  1483
3597,  1483
3598,  1483
3599,  115
3600,  334
3601,  173
3602,  115
3603,  115
3604,  115
3605,  209
3606,  169
3607,  115
3608,  115
3609,  205
3610,  169
3611,  127
3612,  127
3613,  127
3614,  115
3615,  115
3616,  210
3617,  169
3618,  1483
3619,  1483
3620,  1483
3621,  115
3622,  210
3623,  169
3624,  115
3625,  204
3626,  169
3627,  115
3628,  115
3629,  115
3630,  1483
3631,  1483
3632,  1483
3633,  1483
3634,  197
3635,  157
3636,  115
3637,  191
3638,  191
3639,  157
3640,  115
3641,  197
3642,  157
3643,  115
3644,  196
3645,  157
3646,  115
3647,  1483
3648,  115
3649,  1483
3650,  1483
3651,  127
3652,  127
3653,  127
3654,  127
3655,  1483
3656,  1483
3657,  1483
3658,  1483
3659,  1483
3660,  1483
3661,  1483
3662,  127
3663,  1483
3664,  1483
3665,  127
3666,  1483
3667,  127
3668,  1483
3669,  1483
3670,  127
3671,  127
3672,  127
3673,  1483
3674,  1483
3675,  1483
3676,  181
3677,  115
3678,  127
3679,  127
3680,  127
3681,  1483
3682,  1483
3683,  1483
3684,  1483
3685,  95
3686,  95
3687,  95
3688,  95
3689,  115
3690,  127
3691,  16282
3692,  95
3693,  95
3694,  95
3695,  95
3696,  95
3697,  95
3698,  95
3699,  95
3700,  95
3701,  193
3702,  157
3703,  115
3704,  115
3705,  195
3706,  157
3707,  115
3708,  115
3709,  127
3710,  1483
3711,  205
3712,  169
3713,  115
3714,  218
3715,  169
3716,  115
3717,  205
3718,  169
3719,  115
3720,  200
3721,  169
3722,  115
3723,  203
3724,  169
3725,  115
3726,  208
3727,  169
3728,  115
3729,  202
3730,  169
3731,  115
3732,  127
3733,  1483
3734,  127
3735,  1483
3736,  1483
3737,  115
3738,  150
3739,  1483
3740,  1483
3741,  1483
3742,  1483
3743,  1483
3744,  115
3745,  1483
3746,  1483
3747,  115
3748,  1483
3749,  191
3750,  157
3751,  115
3752,  196
3753,  157
3754,  115
3755,  191
3756,  191
3757,  157
3758,  157
3759,  115
3760,  115
3761,  193
3762,  157
3763,  115
3764,  115
3765,  115
3766,  115
3767,  115
3768,  127
3769,  1483
3770,  127
3771,  1483
3772,  1483
3773,  127
3774,  127
3775,  1483
3776,  1483
3777,  115
3778,  1483
3779,  115
3780,  1483
3781,  1483
3782,  196
3783,  157
3784,  115
3785,  187
3786,  157
3787,  115
3788,  189
3789,  189
3790,  157
3791,  198
3792,  157
3793,  1483
3794,  115
3795,  169
3796,  127
3797,  1483
3798,  127
3799,  1483
3800,  127
3801,  1483
3802,  127
3803,  1483
3804,  1483
3805,  639
3806,  115
3807,  1483
3808,  1483
3809,  115
3810,  1483
3811,  1483
3812,  192
3813,  157
3814,  115
3815,  192
3816,  157
3817,  115
3818,  115
3819,  115
3820,  115
3821,  197
3822,  157
3823,  115
3824,  115
3825,  115
3826,  190
3827,  157
3828,  115
3829,  193
3830,  157
3831,  115
3832,  115
3833,  1483
3834,  1483
3835,  1483
3836,  1483
3837,  1483
3838,  127
3839,  1483
3840,  1483
3841,  1483
3842,  127
3843,  1483
3844,  115
3845,  115
3846,  1483
3847,  115
3848,  115
3849,  115
3850,  115
3851,  1483
3852,  1483
3853,  1483
3854,  196
3855,  157
3856,  115
3857,  191
3858,  157
3859,  115
3860,  196
3861,  157
3862,  115
3863,  196
3864,  157
3865,  115
3866,  115
3867,  1483
3868,  1483
3869,  115
3870,  1483
3871,  1483
3872,  127
3873,  1483
3874,  127
3875,  1483
3876,  127
3877,  1483
3878,  201
3879,  169
3880,  169
3881,  115
3882,  115
3883,  115
3884,  201
3885,  169
3886,  115
3887,  115
3888,  115
3889,  115
3890,  115
3891,  208
3892,  169
3893,  169
3894,  115
3895,  115
3896,  115
3897,  115
3898,  115
3899,  115
3900,  115
3901,  202
3902,  169
3903,  1483
3904,  1483
3905,  115
3906,  115
3907,  1483
3908,  115
3909,  1483
3910,  1483
3911,  1483
3912,  1483
3913,  1483
3914,  115
3915,  1483
3916,  157
3917,  198
3918,  157
3919,  187
3920,  157
3921,  115
3922,  115
3923,  191
3924,  157
3925,  115
3926,  127
3927,  1483
3928,  127
3929,  1483
3930,  127
3931,  1483
3932,  127
3933,  1483
3934,  1483
3935,  115
3936,  1483
3937,  115
3938,  1483
3939,  1483
3940,  175
3941,  203
3942,  157
3943,  192
3944,  192
3945,  115
3946,  192
3947,  157
3948,  194
3949,  157
3950,  115
3951,  115
3952,  195
3953,  157
3954,  1483
3955,  1483
3956,  1483
3957,  195
3958,  157
3959,  115
3960,  115
3961,  127
3962,  1483
3963,  127
3964,  1483
3965,  127
3966,  1483
3967,  127
3968,  1483
3969,  1483
3970,  1483
3971,  1483
3972,  115
3973,  1483
3974,  1483
3975,  115
3976,  1483
3977,  1483
3978,  190
3979,  190
3980,  157
3981,  192
3982,  157
3983,  115
3984,  115
3985,  198
3986,  157
3987,  192
3988,  157
3989,  115
3990,  115
3991,  115
3992,  115
3993,  115
3994,  115
3995,  115
3996,  115
3997,  1483
3998,  1483
3999,  1483
4000,  1483
4001,  169
4002,  115
4003,  1483
4004,  1483
4005,  115
4006,  1483
4007,  1483
4008,  115
4009,  1483
4010,  1483
4011,  115
4012,  1483
4013,  192
4014,  157
4015,  115
4016,  198
4017,  157
4018,  115
4019,  192
4020,  157
4021,  115
4022,  191
4023,  161
4024,  115
4025,  115
4026,  1483
4027,  1483
4028,  1483
4029,  1483
4030,  1483
4031,  1483
4032,  1483
4033,  1483
4034,  115
4035,  115
4036,  115
4037,  1483
4038,  1483
4039,  115
4040,  1483
4041,  1483
4042,  115
4043,  1483
4044,  115
4045,  1483
4046,  1483
4047,  1483
4048,  1483
4049,  1483
4050,  1483
4051,  202
4052,  157
4053,  115
4054,  192
4055,  157
4056,  115
4057,  115
4058,  115
4059,  115
4060,  1483
4061,  1483
4062,  115
4063,  1483
4064,  115
4065,  1483
4066,  198
4067,  157
4068,  115
4069,  115
4070,  1483
4071,  1483
4072,  1483
4073,  115
4074,  1483
4075,  197
4076,  157
4077,  115
4078,  115
4079,  1483
4080,  196
4081,  157
4082,  115
4083,  224
4084,  168
4085,  115
4086,  115
4087,  115
4088,  115
4089,  1483
4090,  115
4091,  1483
4092,  115
4093,  1483
4094,  115
4095,  1483
4096,  1483
4097,  1483
4098,  115
4099,  1483
4100,  1483
4101,  115
4102,  1483
4103,  115
4104,  115
4105,  115
4106,  115
4107,  115
4108,  1483
4109,  115
4110,  115
4111,  1483
4112,  115
4113,  115
4114,  115
4115,  1483
4116,  202
4117,  168
4118,  115
4119,  180
4120,  159
4121,  115
4122,  205
4123,  168
4124,  115
4125,  115
4126,  1483
4127,  1483
4128,  115
4129,  1483
4130,  115
4131,  1483
4132,  1483
4133,  115
4134,  1483
4135,  115
4136,  115
4137,  1483
4138,  210
4139,  170
4140,  115
4141,  115
4142,  115
4143,  1483
4144,  1483
4145,  1483
4146,  1483
4147,  1483
4148,  115
4149,  1483
4150,  115
4151,  1483
4152,  1483
4153,  115
4154,  1483
4155,  115
4156,  1483
4157,  203
4158,  203
4159,  168
4160,  115
4161,  115
4162,  115
4163,  115
4164,  115
4165,  115
4166,  202
4167,  166
4168,  115
4169,  115
4170,  115
4171,  1483
4172,  1483
4173,  115
4174,  1483
4175,  1483
4176,  115
4177,  1483
4178,  115
4179,  1483
4180,  115
4181,  1483
4182,  186
4183,  162
4184,  115
4185,  115
4186,  1483
4187,  1483
4188,  202
4189,  165
4190,  1483
4191,  1483
4192,  115
4193,  115
4194,  1483
4195,  1483
4196,  1483
4197,  1483
4198,  1483
4199,  1483
4200,  115
4201,  1483
4202,  115
4203,  1483
4204,  115
4205,  1483
4206,  115
4207,  248
4208,  1483
4209,  157
4210,  115
4211,  1483
4212,  1483
4213,  1483
4214,  1483
4215,  115
4216,  1483
4217,  1483
4218,  1483
4219,  1483
4220,  1483
4221,  1483
4222,  115
4223,  1483
4224,  115
4225,  1483
4226,  191
4227,  162
4228,  115
4229,  115
4230,  1483
4231,  115
4232,  115
4233,  1483
4234,  1483
4235,  1483
4236,  1483
4237,  115
4238,  1483
4239,  192
4240,  161
4241,  177
4242,  198
4243,  169
4244,  1483
4245,  1483
4246,  1483
4247,  1483
4248,  1483
4249,  1483
4250,  115
4251,  235
4252,  235
4253,  235
4254,  235
4255,  235
4256,  170
4257,  115
4258,  115
4259,  115
4260,  1483
4261,  1483
4262,  170
4263,  115
4264,  115
4265,  115
4266,  115
4267,  115
4268,  127
4269,  1483
4270,  1483
4271,  127
4272,  1483
4273,  135
4274,  1483
4275,  1483
4276,  135
4277,  1483
4278,  135
4279,  135
4280,  1483
4281,  135
4282,  1483
4283,  1483
4284,  135
4285,  1483
4286,  1483
4287,  1483
4288,  1483
4289,  184
4290,  184
4291,  184
4292,  135
4293,  115
4294,  1483
4295,  1483
4296,  1303
4297,  1303
4298,  115
4299,  237
4300,  245
4301,  115
4302,  115
4303,  1533
4304,  1573
4305,  1533
4306,  2951
4307,  115
4308,  115
4309,  1634
4310,  1533
4311,  1533
4312,  1573
4313,  1533
4314,  2951
4315,  1646
4316,  1533
4317,  1573
4318,  1533
4319,  1533
4320,  2951
4321,  1533
4322,  1533
4323,  1533
4324,  1533
4325,  115
4326,  115
4327,  115
4328,  115
4329,  115
4330,  1533
4331,  1675
4332,  257
4333,  257
4334,  257
4335,  257
4336,  1533
4337,  1533
4338,  1573
4339,  155
4340,  1533
4341,  2951
4342,  1690
4343,  1533
4344,  1573
4345,  1533
4346,  1533
4347,  115
4348,  1533
4349,  1533
4350,  271
4351,  1533
4352,  1573
4353,  1533
4354,  115
4355,  2951
4356,  115
4357,  115
4358,  1635
4359,  1533
4360,  1573
4361,  1533
4362,  2951
4363,  1710
4364,  1533
4365,  1573
4366,  1533
4367,  2951
4368,  1699
4369,  1533
4370,  1573
4371,  1533
4372,  2951
4373,  1632
4374,  1274
4375,  193
4376,  464
4377,  536
4378,  532
4379,  512
4380,  544
4381,  526
4382,  528
4383,  528
4384,  115
4385,  115
4386,  115
4387,  115
4388,  115
4389,  115
4390,  115
4391,  115
4392,  115
4393,  115
4394,  115
4395,  115
4396,  115
4397,  115
4398,  115
4399,  115
4400,  1483
4401,  115
4402,  115
4403,  115
4404,  115
4405,  115
4406,  115
4407,  115
4408,  115
4409,  115
4410,  115
4411,  115
4412,  464
4413,  536
4414,  532
4415,  512
4416,  544
4417,  526
4418,  528
4419,  528
4420,  115
4421,  127
4422,  1483
4423,  1483
4424,  182
4425,  115
4426,  1483
4427,  127
4428,  1483
4429,  1483
4430,  1483
4431,  1483
4432,  1483
4433,  1483
4434,  1483
4435,  115
4436,  1483
4437,  1483
4438,  127
4439,  127
4440,  127
4441,  1483
4442,  1483
4443,  1483
4444,  135
4445,  1483
4446,  135
4447,  1483
4448,  135
4449,  1483
4450,  1483
4451,  127
4452,  1483
4453,  1483
4454,  127
4455,  1483
4456,  1483
4457,  1483
4458,  127
4459,  127
4460,  1483
4461,  1483
4462,  1483
4463,  1483
4464,  127
4465,  1483
4466,  1483
4467,  1483
4468,  1483
4469,  182
4470,  115
4471,  115
4472,  1483
4473,  115
4474,  115
4475,  1483
4476,  115
4477,  1483
4478,  1483
4479,  1483
4480,  115
4481,  115
4482,  1483
4483,  1483
4484,  1483
4485,  115
4486,  1483
4487,  115
4488,  115
4489,  115
4490,  115
4491,  1483
4492,  1483
4493,  1483
4494,  115
4495,  1483
4496,  1483
4497,  115
4498,  115
4499,  115
4500,  1483
4501,  1483
4502,  1483
4503,  1483
4504,  115
4505,  1483
4506,  115
4507,  115
4508,  1483
4509,  1483
4510,  1483
4511,  1483
4512,  115
4513,  1483
4514,  115
4515,  115
4516,  115
4517,  115
4518,  115
4519,  1483
4520,  1483
4521,  1483
4522,  1483
4523,  1483
4524,  1483
4525,  1483
4526,  115
4527,  1483
4528,  115
4529,  115
4530,  1483
4531,  1483
4532,  1483
4533,  1483
4534,  1483
4535,  115
4536,  1483
4537,  115
4538,  150
4539,  115
4540,  1483
4541,  1483
4542,  115
4543,  1483
4544,  1483
4545,  115
4546,  1483
4547,  115
4548,  1483
4549,  115
4550,  115
4551,  115
4552,  115
4553,  1483
4554,  1483
4555,  1483
4556,  1483
4557,  1483
4558,  1483
4559,  1483
4560,  1483
4561,  115
4562,  1483
4563,  115
4564,  1483
4565,  115
4566,  1483
4567,  1483
4568,  1483
4569,  115
4570,  1483
4571,  1483
4572,  115
4573,  1483
4574,  115
4575,  1483
4576,  115
4577,  1483
4578,  1483
4579,  115
4580,  1483
4581,  1483
4582,  115
4583,  1483
4584,  115
4585,  1483
4586,  1483
4587,  1483
4588,  115
4589,  1483
4590,  115
4591,  1483
4592,  1483
4593,  115
4594,  1483
4595,  1483
4596,  115
4597,  1483
4598,  1483
4599,  1483
4600,  115
4601,  115
4602,  1483
4603,  115
4604,  1483
4605,  115
4606,  1483
4607,  1483
4608,  115
4609,  1483
4610,  1483
4611,  115
4612,  1483
4613,  1483
4614,  1483
4615,  1483
4616,  1483
4617,  115
4618,  1483
4619,  115
4620,  1483
4621,  115
4622,  115
4623,  115
4624,  115
4625,  115
4626,  115
4627,  115
4628,  115
4629,  115
4630,  1483
4631,  1483
4632,  1483
4633,  1483
4634,  115
4635,  1483
4636,  1483
4637,  115
4638,  115
4639,  115
4640,  115
4641,  115
4642,  1483
4643,  1483
4644,  115
4645,  1483
4646,  170
4647,  115
4648,  115
4649,  115
4650,  1483
4651,  1483
4652,  115
4653,  1483
4654,  115
4655,  115
4656,  115
4657,  1483
4658,  1483
4659,  1483
4660,  1483
4661,  115
4662,  1483
4663,  1483
4664,  115
4665,  115
4666,  115
4667,  115
4668,  115
4669,  115
4670,  1483
4671,  1483
4672,  1483
4673,  1483
4674,  115
4675,  115
4676,  115
4677,  115
4678,  1483
4679,  1483
4680,  1483
4681,  1483
4682,  1483
4683,  115
4684,  1483
4685,  1483
4686,  115
4687,  115
4688,  150
4689,  1483
4690,  1483
4691,  1483
4692,  1483
4693,  115
4694,  115
4695,  1483
4696,  1483
4697,  1483
4698,  1483
4699,  115
4700,  1483
4701,  1483
4702,  1483
4703,  1483
4704,  1483
4705,  1483
4706,  1483
4707,  115
4708,  115
4709,  115
4710,  115
4711,  1483
4712,  1483
4713,  1483
4714,  1483
4715,  1483
4716,  1483
4717,  1483
4718,  1483
4719,  1483
4720,  1483
4721,  1483
4722,  115
4723,  115
4724,  115
4725,  115
4726,  1483
4727,  115
4728,  115
4729,  115
4730,  1483
4731,  1483
4732,  1483
4733,  1483
4734,  1483
4735,  1483
4736,  1483
4737,  1483
4738,  1483
4739,  1483
4740,  1483
4741,  1483
4742,  1483
4743,  1483
4744,  115
4745,  1483
4746,  115
4747,  115
4748,  115
4749,  115
4750,  115
4751,  115
4752,  115
4753,  115
4754,  115
4755,  115
4756,  115
4757,  115
4758,  115
4759,  1483
4760,  1483
4761,  1483
4762,  1483
4763,  1483
4764,  1483
4765,  115
4766,  1483
4767,  1483
4768,  1483
4769,  115
4770,  115
4771,  115
4772,  1483
4773,  1483
4774,  1483
4775,  1483
4776,  1483
4777,  1483
4778,  1483
4779,  115
4780,  115
4781,  1483
4782,  1483
4783,  1483
4784,  1483
4785,  1483
4786,  115
4787,  115
4788,  115
4789,  1483
4790,  1483
4791,  1483
4792,  1483
4793,  1483
4794,  1483
4795,  1483
4796,  1483
4797,  115
4798,  1483
4799,  115
4800,  115
4801,  115
4802,  115
4803,  115
4804,  1483
4805,  1483
4806,  115
4807,  1483
4808,  1483
4809,  1483
4810,  1483
4811,  1483
4812,  1483
4813,  115
4814,  1483
4815,  115
4816,  115
4817,  1483
4818,  115
4819,  1483
4820,  1483
4821,  1483
4822,  1483
4823,  1483
4824,  1483
4825,  115
4826,  1483
4827,  115
4828,  1483
4829,  1483
4830,  115
4831,  1483
4832,  1483
4833,  115
4834,  1483
4835,  115
4836,  1483
4837,  1483
4838,  115
4839,  115
4840,  115
4841,  1483
4842,  1483
4843,  1483
4844,  1483
4845,  1483
4846,  33974
4847,  1483
4848,  1483
4849,  115
4850,  1483
4851,  1483
4852,  115
4853,  1483
4854,  1483
4855,  1483
4856,  1483
4857,  1483
4858,  1483
4859,  115
4860,  1483
4861,  115
4862,  115
4863,  1483
4864,  115
4865,  1483
4866,  1483
4867,  1483
4868,  1483
4869,  1483
4870,  1483
4871,  115
4872,  115
4873,  115
4874,  1345
4875,  115
4876,  115
4877,  115
4878,  115
4879,  115
4880,  115
4881,  115
4882,  115
4883,  158
4884,  338
4885,  147
4886,  146
4887,  154
4888,  146
4889,  115
4890,  115
4891,  154
4892,  115
4893,  115
4894,  115
4895,  115
4896,  115
4897,  115
4898,  115
4899,  414
4900,  639
4901,  176
4902,  154
4903,  738
4904,  115
4905,  115
4906,  115
4907,  154
4908,  115
4909,  180
4910,  349
4911,  115
4912,  115
4913,  358
4914,  154
4915,  115
4916,  115
4917,  154
4918,  115
4919,  215
4920,  154
4921,  881
4922,  176
4923,  1483
4924,  1483
4925,  3145
4926,  1483
4927,  1483
4928,  115
4929,  115
4930,  115
4931,  115
4932,  115
4933,  115
4934,  115
4935,  154
4936,  115
4937,  115
4938,  115
4939,  115
4940,  115
4941,  115
4942,  115
4943,  115
4944,  115
4945,  3619
4946,  181
4947,  238
4948,  249
4949,  154
4950,  115
4951,  115
4952,  115
4953,  154
4954,  115
4955,  127
4956,  1483
4957,  1483
4958,  1483
4959,  1483
4960,  1483
4961,  1483
4962,  1483
4963,  1483
4964,  1483
4965,  1483
4966,  1483
4967,  1483
4968,  1483
4969,  127
4970,  262
4971,  127
4972,  1483
4973,  127
4974,  1483
4975,  1483
4976,  1483
4977,  1483
4978,  1483
4979,  127
4980,  429
4981,  115
4982,  198
4983,  115
4984,  180
4985,  436
4986,  278
4987,  154
4988,  115
4989,  115
4990,  115
4991,  115
4992,  115
4993,  154
4994,  115
4995,  147
4996,  147
4997,  147
4998,  91
4999,  91
5000,  147
5001,  147
5002,  147
5003,  147
5004,  429
5005,  198
5006,  115
5007,  147
5008,  429
5009,  198
5010,  115
5011,  147
5012,  147
5013,  147
5014,  147
5015,  147
5016,  115
5017,  115
5018,  180
5019,  315
5020,  115
5021,  248
5022,  154
5023,  115
5024,  154
5025,  115
5026,  147
5027,  147
5028,  147
5029,  123
5030,  123
5031,  151
5032,  139
5033,  95
5034,  95
5035,  95
5036,  95
5037,  95
5038,  639
5039,  95
5040,  95
5041,  95
5042,  95
5043,  95
5044,  115
5045,  115
5046,  95
5047,  95
5048,  95
5049,  414
5050,  639
5051,  639
5052,  91
5053,  91
5054,  115
5055,  115
5056,  115
5057,  115
5058,  95
5059,  95
5060,  95
5061,  95
5062,  95
5063,  95
5064,  95
5065,  95
5066,  130
5067,  140
5068,  269
5069,  207
5070,  131
5071,  448
5072,  131
5073,  317
5074,  130
5075,  140
5076,  269
5077,  207
5078,  131
5079,  448
5080,  131
5081,  317
5082,  115
5083,  639
5084,  115
5085,  464
5086,  536
5087,  532
5088,  512
5089,  544
5090,  526
5091,  528
5092,  528
5093,  464
5094,  536
5095,  532
5096,  512
5097,  544
5098,  526
5099,  528
5100,  528
5101,  91
5102,  91
5103,  115
5104,  115
5105,  115
5106,  115
5107,  115
5108,  115
5109,  91
5110,  91
5111,  91
5112,  91
5113,  414
5114,  639
5115,  429
5116,  429
5117,  429
5118,  429
5119,  429
5120,  429
5121,  198
5122,  115
5123,  115
5124,  269
5125,  269
5126,  448
5127,  317
5128,  269
5129,  448
5130,  317
5131,  269
5132,  448
5133,  317
5134,  269
5135,  448
5136,  317
5137,  429
5138,  198
5139,  115
5140,  115
5141,  115
5142,  429
5143,  198
5144,  115
5145,  188
5146,  188
5147,  236
5148,  139
5149,  139
5150,  139
5151,  95
5152,  95
5153,  95
5154,  95
5155,  95
5156,  147
5157,  147
5158,  639
5159,  147
5160,  147
5161,  147
5162,  147
5163,  147
5164,  147
5165,  147
5166,  147
5167,  147
5168,  147
5169,  147
5170,  147
5171,  147
5172,  147
5173,  147
5174,  147
5175,  91
5176,  91
5177,  147
5178,  147
5179,  147
5180,  115
5181,  115
5182,  115
5183,  147
5184,  115
5185,  115
5186,  147
5187,  147
5188,  123
5189,  123
5190,  139
5191,  151
5192,  414
5193,  639
5194,  115
5195,  115
5196,  89
5197,  89
5198,  89
5199,  141
5200,  115
5201,  115
5202,  115
5203,  95
5204,  95
5205,  95
5206,  95
5207,  95
5208,  639
5209,  91
5210,  91
5211,  464
5212,  536
5213,  532
5214,  512
5215,  544
5216,  526
5217,  528
5218,  528
5219,  464
5220,  464
5221,  536
5222,  532
5223,  512
5224,  544
5225,  526
5226,  528
5227,  528
5228,  115
5229,  115
5230,  115
5231,  115
5232,  414
5233,  639
5234,  198
5235,  115
5236,  429
5237,  429
5238,  198
5239,  115
5240,  429
5241,  429
5242,  198
5243,  115
5244,  115
5245,  115
5246,  115
5247,  575
5248,  123
5249,  115
5250,  1563
5251,  1563
5252,  1563
5253,  6338
5254,  2273
5255,  115
5256,  168
5257,  166
5258,  115
5259,  115
5260,  1123
5261,  91
5262,  91
5263,  91
5264,  95
5265,  95
5266,  95
5267,  95
5268,  95
5269,  95
5270,  95
5271,  95
5272,  639
5273,  115
5274,  115
5275,  115
5276,  115
5277,  115
5278,  115
5279,  115
5280,  414
5281,  639
5282,  639
5283,  639
5284,  147
5285,  147
5286,  147
5287,  147
5288,  147
5289,  147
5290,  147
5291,  147
5292,  147
5293,  147
5294,  147
5295,  147
5296,  575
5297,  123
5298,  115
5299,  1563
5300,  1563
5301,  1563
5302,  6494
5303,  2430
5304,  166
5305,  147
5306,  115
5307,  1082
5308,  115
5309,  115
5310,  1435
5311,  115
5312,  115
5313,  569
5314,  1563
5315,  115
5316,  115
5317,  1083
5318,  147
5319,  147
5320,  123
5321,  123
5322,  123
5323,  123
5324,  123
5325,  139
5326,  151
5327,  91
5328,  220
5329,  123
5330,  1563
5331,  1563
5332,  4202
5333,  115
5334,  386
5335,  386
5336,  386
5337,  276
5338,  139
5339,  103
5340,  103
5341,  123
5342,  340
5343,  115
5344,  276
5345,  139
5346,  103
5347,  103
5348,  123
5349,  123
5350,  340
5351,  115
5352,  276
5353,  139
5354,  103
5355,  103
5356,  123
5357,  340
5358,  115
5359,  115
5360,  276
5361,  139
5362,  103
5363,  103
5364,  91
5365,  91
5366,  95
5367,  95
5368,  95
5369,  95
5370,  95
5371,  130
5372,  140
5373,  269
5374,  207
5375,  131
5376,  448
5377,  131
5378,  317
5379,  130
5380,  140
5381,  269
5382,  207
5383,  131
5384,  448
5385,  131
5386,  317
5387,  639
5388,  464
5389,  536
5390,  532
5391,  512
5392,  544
5393,  526
5394,  528
5395,  528
5396,  89
5397,  89
5398,  115
5399,  115
5400,  89
5401,  115
5402,  115
5403,  115
5404,  115
5405,  115
5406,  115
5407,  115
5408,  115
5409,  115
5410,  414
5411,  639
5412,  168
5413,  123
5414,  123
5415,  115
5416,  632
5417,  115
5418,  179
5419,  179
5420,  179
5421,  207
5422,  481
5423,  481
5424,  291
5425,  115
5426,  695
5427,  146
5428,  115
5429,  146
5430,  115
5431,  489
5432,  314
5433,  275
5434,  154
5435,  115
5436,  154
5437,  154
5438,  154
5439,  154
5440,  154
5441,  154
5442,  154
5443,  154
5444,  115
5445,  115
5446,  115
5447,  429
5448,  198
5449,  115
5450,  429
5451,  91
5452,  91
5453,  198
5454,  115
5455,  115
5456,  115
5457,  429
5458,  146
5459,  115
5460,  103
5461,  103
5462,  115
5463,  115
5464,  115
5465,  91
5466,  95
5467,  95
5468,  95
5469,  95
5470,  95
5471,  639
5472,  414
5473,  639
5474,  141
5475,  141
5476,  115
5477,  115
5478,  115
5479,  115
5480,  115
5481,  147
5482,  147
5483,  147
5484,  147
5485,  147
5486,  147
5487,  147
5488,  147
5489,  147
5490,  91
5491,  91
5492,  91
5493,  147
5494,  147
5495,  147
5496,  147
5497,  147
5498,  147
5499,  95
5500,  147
5501,  147
5502,  147
5503,  147
5504,  147
5505,  147
5506,  95
5507,  95
5508,  95
5509,  95
5510,  95
5511,  95
5512,  95
5513,  95
5514,  95
5515,  95
5516,  95
5517,  95
5518,  95
5519,  115
5520,  115
5521,  115
5522,  639
5523,  115
5524,  115
5525,  115
5526,  147
5527,  147
5528,  147
5529,  464
5530,  536
5531,  536
5532,  536
5533,  536
5534,  536
5535,  532
5536,  532
5537,  532
5538,  532
5539,  532
5540,  512
5541,  544
5542,  526
5543,  528
5544,  528
5545,  464
5546,  536
5547,  532
5548,  512
5549,  544
5550,  526
5551,  528
5552,  528
5553,  123
5554,  123
5555,  139
5556,  151
5557,  115
5558,  115
5559,  171
5560,  115
5561,  115
5562,  115
5563,  115
5564,  115
5565,  115
5566,  115
5567,  414
5568,  639
5569,  171
5570,  115
5571,  115
5572,  115
5573,  429
5574,  198
5575,  115
5576,  131
5577,  130
5578,  317
5579,  269
5580,  131
5581,  448
5582,  131
5583,  130
5584,  317
5585,  269
5586,  131
5587,  448
5588,  91
5589,  91
5590,  91
5591,  429
5592,  198
5593,  115
5594,  429
5595,  198
5596,  115
5597,  280
5598,  139
5599,  139
5600,  139
5601,  171
5602,  115
5603,  115
5604,  115
5605,  91
5606,  95
5607,  95
5608,  95
5609,  95
5610,  95
5611,  639
5612,  115
5613,  115
5614,  115
5615,  115
5616,  414
5617,  414
5618,  414
5619,  639
5620,  91
5621,  91
5622,  115
5623,  115
5624,  89
5625,  89
5626,  95
5627,  95
5628,  95
5629,  95
5630,  95
5631,  95
5632,  95
5633,  639
5634,  464
5635,  536
5636,  532
5637,  512
5638,  544
5639,  526
5640,  528
5641,  528
5642,  464
5643,  536
5644,  532
5645,  512
5646,  544
5647,  526
5648,  528
5649,  528
5650,  115
5651,  115
5652,  147
5653,  147
5654,  115
5655,  115
5656,  147
5657,  147
5658,  147
5659,  147
5660,  147
5661,  147
5662,  147
5663,  147
5664,  147
5665,  147
5666,  147
5667,  147
5668,  91
5669,  91
5670,  414
5671,  639
5672,  639
5673,  639
5674,  639
5675,  147
5676,  147
5677,  147
5678,  147
5679,  147
5680,  147
5681,  147
5682,  147
5683,  147
5684,  429
5685,  429
5686,  429
5687,  429
5688,  115
5689,  147
5690,  123
5691,  123
5692,  151
5693,  139
5694,  429
5695,  198
5696,  115
5697,  115
5698,  115
5699,  115
5700,  115
5701,  115
5702,  115
5703,  429
5704,  198
5705,  115
5706,  115
5707,  115
5708,  115
5709,  115
5710,  115
5711,  115
5712,  115
5713,  115
5714,  95
5715,  95
5716,  95
5717,  95
5718,  95
5719,  115
5720,  115
5721,  115
5722,  115
5723,  639
5724,  91
5725,  91
5726,  414
5727,  639
5728,  639
5729,  141
5730,  141
5731,  115
5732,  95
5733,  95
5734,  95
5735,  95
5736,  95
5737,  95
5738,  95
5739,  639
5740,  131
5741,  168
5742,  317
5743,  235
5744,  130
5745,  269
5746,  131
5747,  448
5748,  464
5749,  536
5750,  532
5751,  512
5752,  544
5753,  526
5754,  528
5755,  528
5756,  464
5757,  536
5758,  532
5759,  512
5760,  544
5761,  526
5762,  528
5763,  528
5764,  115
5765,  115
5766,  115
5767,  115
5768,  115
5769,  91
5770,  91
5771,  414
5772,  639
5773,  115
5774,  115
5775,  429
5776,  429
5777,  198
5778,  198
5779,  115
5780,  147
5781,  147
5782,  147
5783,  147
5784,  147
5785,  429
5786,  198
5787,  198
5788,  198
5789,  198
5790,  198
5791,  115
5792,  147
5793,  147
5794,  429
5795,  429
5796,  198
5797,  115
5798,  147
5799,  147
5800,  147
5801,  147
5802,  147
5803,  147
5804,  147
5805,  147
5806,  147
5807,  147
5808,  147
5809,  147
5810,  147
5811,  95
5812,  95
5813,  95
5814,  123
5815,  123
5816,  123
5817,  139
5818,  139
5819,  151
5820,  639
5821,  115
5822,  115
5823,  414
5824,  639
5825,  115
5826,  115
5827,  115
5828,  115
5829,  115
5830,  115
5831,  115
5832,  91
5833,  91
5834,  95
5835,  95
5836,  95
5837,  95
5838,  95
5839,  95
5840,  95
5841,  95
5842,  95
5843,  95
5844,  115
5845,  115
5846,  639
5847,  464
5848,  536
5849,  536
5850,  532
5851,  512
5852,  544
5853,  526
5854,  528
5855,  528
5856,  464
5857,  536
5858,  532
5859,  512
5860,  544
5861,  526
5862,  528
5863,  528
5864,  91
5865,  91
5866,  115
5867,  115
5868,  101
5869,  115
5870,  115
5871,  115
5872,  414
5873,  639
5874,  171
5875,  171
5876,  171
5877,  115
5878,  115
5879,  115
5880,  115
5881,  115
5882,  429
5883,  198
5884,  115
5885,  429
5886,  198
5887,  115
5888,  115
5889,  115
5890,  429
5891,  198
5892,  115
5893,  95
5894,  95
5895,  95
5896,  95
5897,  95
5898,  639
5899,  147
5900,  147
5901,  147
5902,  147
5903,  147
5904,  147
5905,  147
5906,  147
5907,  147
5908,  147
5909,  147
5910,  147
5911,  147
5912,  147
5913,  147
5914,  147
5915,  147
5916,  115
5917,  115
5918,  147
5919,  147
5920,  147
5921,  414
5922,  639
5923,  123
5924,  123
5925,  139
5926,  151
5927,  131
5928,  168
5929,  317
5930,  235
5931,  130
5932,  269
5933,  131
5934,  448
5935,  131
5936,  168
5937,  317
5938,  235
5939,  130
5940,  269
5941,  131
5942,  448
5943,  91
5944,  91
5945,  91
5946,  91
5947,  91
5948,  91
5949,  91
5950,  91
5951,  141
5952,  115
5953,  141
5954,  141
5955,  115
5956,  95
5957,  95
5958,  95
5959,  95
5960,  95
5961,  639
5962,  639
5963,  639
5964,  464
5965,  536
5966,  532
5967,  512
5968,  544
5969,  526
5970,  528
5971,  528
5972,  464
5973,  536
5974,  532
5975,  512
5976,  544
5977,  526
5978,  528
5979,  528
5980,  115
5981,  115
5982,  115
5983,  115
5984,  115
5985,  115
5986,  115
5987,  115
5988,  115
5989,  414
5990,  639
5991,  429
5992,  198
5993,  198
5994,  115
5995,  429
5996,  429
5997,  115
5998,  115
5999,  91
6000,  91
6001,  429
6002,  198
6003,  115
6004,  115
6005,  115
6006,  115
6007,  115
6008,  115
6009,  115
6010,  95
6011,  95
6012,  95
6013,  95
6014,  95
6015,  639
6016,  639
6017,  639
6018,  115
6019,  115
6020,  414
6021,  147
6022,  147
6023,  147
6024,  147
6025,  147
6026,  147
6027,  147
6028,  147
6029,  147
6030,  147
6031,  147
6032,  147
6033,  147
6034,  147
6035,  147
6036,  147
6037,  147
6038,  147
6039,  147
6040,  123
6041,  123
6042,  151
6043,  139
6044,  91
6045,  91
6046,  95
6047,  95
6048,  95
6049,  95
6050,  95
6051,  95
6052,  95
6053,  95
6054,  95
6055,  95
6056,  95
6057,  95
6058,  95
6059,  95
6060,  639
6061,  464
6062,  536
6063,  532
6064,  512
6065,  544
6066,  526
6067,  528
6068,  528
6069,  115
6070,  115
6071,  115
6072,  115
6073,  115
6074,  115
6075,  115
6076,  414
6077,  414
6078,  414
6079,  414
6080,  639
6081,  91
6082,  91
6083,  429
6084,  198
6085,  115
6086,  157
6087,  429
6088,  198
6089,  115
6090,  115
6091,  115
6092,  115
6093,  429
6094,  429
6095,  429
6096,  429
6097,  198
6098,  115
6099,  574
6100,  574
6101,  123
6102,  115
6103,  1563
6104,  1563
6105,  1563
6106,  1563
6107,  6462
6108,  386
6109,  448
6110,  127
6111,  115
6112,  146
6113,  115
6114,  115
6115,  115
6116,  666
6117,  115
6118,  115
6119,  115
6120,  115
6121,  131
6122,  131
6123,  168
6124,  317
6125,  235
6126,  235
6127,  235
6128,  235
6129,  130
6130,  269
6131,  131
6132,  448
6133,  131
6134,  168
6135,  317
6136,  235
6137,  130
6138,  269
6139,  131
6140,  448
6141,  448
6142,  91
6143,  91
6144,  91
6145,  91
6146,  91
6147,  95
6148,  95
6149,  95
6150,  95
6151,  95
6152,  95
6153,  95
6154,  95
6155,  95
6156,  95
6157,  95
6158,  639
6159,  414
6160,  414
6161,  639
6162,  141
6163,  141
6164,  115
6165,  115
6166,  115
6167,  147
6168,  147
6169,  147
6170,  147
6171,  147
6172,  147
6173,  147
6174,  147
6175,  147
6176,  147
6177,  147
6178,  147
6179,  147
6180,  395
6181,  91
6182,  91
6183,  91
6184,  147
6185,  147
6186,  147
6187,  147
6188,  147
6189,  95
6190,  95
6191,  95
6192,  95
6193,  95
6194,  147
6195,  639
6196,  147
6197,  147
6198,  147
6199,  147
6200,  147
6201,  147
6202,  147
6203,  147
6204,  464
6205,  536
6206,  532
6207,  512
6208,  544
6209,  526
6210,  528
6211,  528
6212,  464
6213,  536
6214,  532
6215,  512
6216,  544
6217,  526
6218,  528
6219,  528
6220,  147
6221,  147
6222,  115
6223,  115
6224,  115
6225,  123
6226,  123
6227,  151
6228,  139
6229,  139
6230,  139
6231,  115
6232,  414
6233,  414
6234,  639
6235,  429
6236,  198
6237,  115
6238,  429
6239,  429
6240,  429
6241,  198
6242,  115
6243,  115
6244,  115
6245,  429
6246,  198
6247,  115
6248,  95
6249,  95
6250,  95
6251,  95
6252,  95
6253,  95
6254,  95
6255,  639
6256,  115
6257,  115
6258,  115
6259,  115
6260,  115
6261,  115
6262,  115
6263,  115
6264,  115
6265,  91
6266,  91
6267,  91
6268,  91
6269,  91
6270,  91
6271,  91
6272,  91
6273,  91
6274,  91
6275,  414
6276,  639
6277,  95
6278,  95
6279,  95
6280,  95
6281,  95
6282,  639
6283,  464
6284,  536
6285,  532
6286,  512
6287,  544
6288,  526
6289,  528
6290,  528
6291,  464
6292,  536
6293,  532
6294,  512
6295,  544
6296,  526
6297,  528
6298,  528
6299,  115
6300,  115
6301,  147
6302,  147
6303,  131
6304,  168
6305,  317
6306,  235
6307,  130
6308,  269
6309,  131
6310,  448
6311,  131
6312,  168
6313,  317
6314,  235
6315,  130
6316,  269
6317,  131
6318,  448
6319,  115
6320,  115
6321,  147
6322,  147
6323,  147
6324,  147
6325,  147
6326,  147
6327,  414
6328,  639
6329,  147
6330,  147
6331,  147
6332,  147
6333,  429
6334,  147
6335,  147
6336,  147
6337,  123
6338,  123
6339,  139
6340,  151
6341,  429
6342,  198
6343,  115
6344,  91
6345,  91
6346,  115
6347,  115
6348,  429
6349,  198
6350,  115
6351,  115
6352,  115
6353,  95
6354,  95
6355,  95
6356,  95
6357,  95
6358,  639
6359,  414
6360,  639
6361,  91
6362,  91
6363,  141
6364,  141
6365,  141
6366,  115
6367,  91
6368,  91
6369,  95
6370,  95
6371,  95
6372,  95
6373,  95
6374,  95
6375,  95
6376,  95
6377,  95
6378,  95
6379,  639
6380,  464
6381,  536
6382,  464
6383,  532
6384,  536
6385,  512
6386,  532
6387,  544
6388,  526
6389,  526
6390,  528
6391,  528
6392,  512
6393,  544
6394,  526
6395,  528
6396,  528
6397,  123
6398,  123
6399,  123
6400,  115
6401,  699
6402,  115
6403,  327
6404,  115
6405,  179
6406,  207
6407,  408
6408,  213
6409,  1483
6410,  1483
6411,  3145
6412,  1483
6413,  1483
6414,  127
6415,  115
6416,  695
6417,  146
6418,  3145
6419,  127
6420,  1483
6421,  1483
6422,  115
6423,  1483
6424,  115
6425,  115
6426,  262
6427,  127
6428,  4366
6429,  1483
6430,  4366
6431,  115
6432,  1483
6433,  115
6434,  4366
6435,  3638
6436,  1483
6437,  115
6438,  1483
6439,  115
6440,  115
6441,  4366
6442,  127
6443,  1483
6444,  127
6445,  1483
6446,  127
6447,  1483
6448,  4366
6449,  1483
6450,  115
6451,  115
6452,  4366
6453,  115
6454,  150
6455,  1483
6456,  4366
6457,  115
6458,  115
6459,  1483
6460,  115
6461,  4366
6462,  115
6463,  115
6464,  1483
6465,  3638
6466,  115
6467,  1483
6468,  115
6469,  115
6470,  4366
6471,  1483
6472,  4366
6473,  114
6474,  115
6475,  115
6476,  115
6477,  115
6478,  115
6479,  1483
6480,  1483
6481,  4366
6482,  1483
6483,  127
6484,  127
6485,  127
6486,  1483
6487,  1483
6488,  1483
6489,  534
6490,  534
6491,  165
6492,  181
6493,  115
6494,  127
6495,  127
6496,  115
6497,  3638
6498,  1483
6499,  4366
6500,  127
6501,  1483
6502,  127
6503,  127
6504,  127
6505,  1483
6506,  461
6507,  127
6508,  4366
6509,  115
6510,  115
6511,  115
6512,  127
6513,  1483
6514,  1483
6515,  1483
6516,  194
6517,  194
6518,  115
6519,  115
6520,  115
6521,  4366
6522,  1483
6523,  4366
6524,  115
6525,  1483
6526,  1483
6527,  127
6528,  4366
6529,  1483
6530,  1483
6531,  1483
6532,  1483
6533,  127
6534,  1483
6535,  1483
6536,  1483
6537,  1483
6538,  1483
6539,  1483
6540,  127
6541,  1483
6542,  1483
6543,  1483
6544,  115
6545,  115
6546,  1483
6547,  1483
6548,  169
6549,  115
6550,  1483
6551,  115
6552,  1483
6553,  1483
6554,  1483
6555,  248
6556,  248
6557,  161
6558,  115
6559,  115
6560,  312
6561,  312
6562,  157
6563,  115
6564,  115
6565,  127
6566,  127
6567,  1483
6568,  1483
6569,  1483
6570,  1483
6571,  135
6572,  127
6573,  1483
6574,  127
6575,  1483
6576,  1483
6577,  1483
6578,  1483
6579,  115
6580,  1483
6581,  1483
6582,  169
6583,  115
6584,  1483
6585,  115
6586,  115
6587,  115
6588,  115
6589,  115
6590,  1483
6591,  1483
6592,  1483
6593,  1483
6594,  1483
6595,  1483
6596,  1483
6597,  1483
6598,  1483
6599,  1483
6600,  1483
6601,  127
6602,  127
6603,  135
6604,  1483
6605,  127
6606,  127
6607,  127
6608,  1483
6609,  1483
6610,  1483
6611,  1483
6612,  1483
6613,  127
6614,  1483
6615,  127
6616,  1483
6617,  115
6618,  824
6619,  1483
6620,  1483
6621,  175
6622,  115
6623,  115
6624,  201
6625,  201
6626,  157
6627,  1483
6628,  194
6629,  157
6630,  115
6631,  115
6632,  195
6633,  157
6634,  194
6635,  115
6636,  194
6637,  157
6638,  115
6639,  127
6640,  1483
6641,  181
6642,  181
6643,  181
6644,  127
6645,  1483
6646,  127
6647,  127
6648,  127
6649,  1483
6650,  127
6651,  127
6652,  1483
6653,  1483
6654,  115
6655,  1483
6656,  115
6657,  1483
6658,  1483
6659,  194
6660,  157
6661,  115
6662,  199
6663,  157
6664,  157
6665,  157
6666,  157
6667,  157
6668,  115
6669,  190
6670,  157
6671,  115
6672,  206
6673,  157
6674,  115
6675,  115
6676,  1483
6677,  127
6678,  1483
6679,  1483
6680,  127
6681,  127
6682,  127
6683,  1483
6684,  127
6685,  1483
6686,  1483
6687,  127
6688,  1483
6689,  1483
6690,  115
6691,  1483
6692,  1483
6693,  115
6694,  115
6695,  1483
6696,  1483
6697,  193
6698,  193
6699,  157
6700,  157
6701,  115
6702,  190
6703,  157
6704,  115
6705,  191
6706,  191
6707,  191
6708,  191
6709,  191
6710,  157
6711,  115
6712,  115
6713,  190
6714,  190
6715,  157
6716,  157
6717,  1483
6718,  115
6719,  127
6720,  1483
6721,  127
6722,  1483
6723,  127
6724,  1483
6725,  127
6726,  127
6727,  1483
6728,  1483
6729,  115
6730,  115
6731,  1483
6732,  1483
6733,  115
6734,  1483
6735,  1483
6736,  169
6737,  115
6738,  115
6739,  191
6740,  157
6741,  115
6742,  115
6743,  192
6744,  192
6745,  157
6746,  115
6747,  115
6748,  190
6749,  157
6750,  115
6751,  115
6752,  190
6753,  157
6754,  115
6755,  115
6756,  115
6757,  1483
6758,  127
6759,  1483
6760,  127
6761,  1483
6762,  127
6763,  1483
6764,  127
6765,  1483
6766,  1483
6767,  414
6768,  115
6769,  1483
6770,  115
6771,  1483
6772,  190
6773,  157
6774,  115
6775,  192
6776,  157
6777,  157
6778,  115
6779,  190
6780,  157
6781,  115
6782,  189
6783,  157
6784,  115
6785,  115
6786,  1483
6787,  127
6788,  1483
6789,  127
6790,  1483
6791,  1483
6792,  127
6793,  127
6794,  1483
6795,  1483
6796,  1483
6797,  1483
6798,  1483
6799,  1483
6800,  115
6801,  1483
6802,  115
6803,  1483
6804,  115
6805,  1483
6806,  1483
6807,  193
6808,  157
6809,  115
6810,  189
6811,  157
6812,  189
6813,  157
6814,  115
6815,  115
6816,  157
6817,  115
6818,  194
6819,  157
6820,  1483
6821,  115
6822,  127
6823,  1483
6824,  1483
6825,  181
6826,  115
6827,  127
6828,  1483
6829,  127
6830,  1483
6831,  1483
6832,  115
6833,  115
6834,  1483
6835,  1483
6836,  1483
6837,  193
6838,  193
6839,  157
6840,  157
6841,  196
6842,  196
6843,  196
6844,  157
6845,  115
6846,  115
6847,  115
6848,  189
6849,  157
6850,  115
6851,  190
6852,  157
6853,  115
6854,  115
6855,  115
6856,  1483
6857,  1483
6858,  115
6859,  1483
6860,  127
6861,  1483
6862,  127
6863,  1483
6864,  127
6865,  127
6866,  127
6867,  1483
6868,  127
6869,  1483
6870,  1483
6871,  115
6872,  1483
6873,  115
6874,  1483
6875,  1483
6876,  195
6877,  157
6878,  157
6879,  115
6880,  190
6881,  190
6882,  157
6883,  189
6884,  157
6885,  115
6886,  197
6887,  157
6888,  157
6889,  1483
6890,  115
6891,  127
6892,  1483
6893,  127
6894,  1483
6895,  127
6896,  1483
6897,  1483
6898,  1483
6899,  127
6900,  127
6901,  127
6902,  127
6903,  1483
6904,  1483
6905,  1483
6906,  1483
6907,  115
6908,  115
6909,  1483
6910,  115
6911,  115
6912,  115
6913,  115
6914,  115
6915,  1483
6916,  1483
6917,  1483
6918,  1483
6919,  1483
6920,  169
6921,  169
6922,  169
6923,  169
6924,  169
6925,  115
6926,  115
6927,  115
6928,  195
6929,  157
6930,  193
6931,  115
6932,  115
6933,  115
6934,  193
6935,  193
6936,  157
6937,  189
6938,  189
6939,  189
6940,  189
6941,  189
6942,  189
6943,  157
6944,  115
6945,  115
6946,  115
6947,  115
6948,  193
6949,  193
6950,  157
6951,  115
6952,  115
6953,  115
6954,  115
6955,  115
6956,  115
6957,  115
6958,  115
6959,  115
6960,  115
6961,  115
6962,  1483
6963,  127
6964,  127
6965,  127
6966,  127
6967,  1483
6968,  127
6969,  127
6970,  127
6971,  127
6972,  127
6973,  1483
6974,  127
6975,  1483
6976,  127
6977,  1483
6978,  1483
6979,  115
6980,  115
6981,  1483
6982,  115
6983,  1483
6984,  1483
6985,  189
6986,  157
6987,  115
6988,  193
6989,  193
6990,  157
6991,  115
6992,  196
6993,  157
6994,  115
6995,  190
6996,  190
6997,  157
6998,  157
6999,  115
7000,  115
7001,  115
7002,  115
7003,  115
7004,  115
7005,  192
7006,  157
7007,  1483
7008,  1483
7009,  115
7010,  127
7011,  1483
7012,  127
7013,  1483
7014,  127
7015,  1483
7016,  127
7017,  127
7018,  127
7019,  127
7020,  1483
7021,  1483
7022,  115
7023,  1483
7024,  115
7025,  115
7026,  115
7027,  115
7028,  1483
7029,  1483
7030,  195
7031,  195
7032,  157
7033,  157
7034,  157
7035,  157
7036,  157
7037,  115
7038,  115
7039,  189
7040,  157
7041,  115
7042,  115
7043,  194
7044,  157
7045,  115
7046,  115
7047,  195
7048,  157
7049,  115
7050,  115
7051,  115
7052,  1483
7053,  1483
7054,  1483
7055,  1483
7056,  1483
7057,  1483
7058,  127
7059,  1483
7060,  1483
7061,  127
7062,  127
7063,  127
7064,  1483
7065,  1483
7066,  181
7067,  181
7068,  115
7069,  115
7070,  115
7071,  115
7072,  115
7073,  127
7074,  1483
7075,  127
7076,  1483
7077,  1483
7078,  115
7079,  1483
7080,  115
7081,  1483
7082,  1483
7083,  193
7084,  157
7085,  115
7086,  190
7087,  157
7088,  115
7089,  198
7090,  157
7091,  115
7092,  194
7093,  157
7094,  115
7095,  115
7096,  1483
7097,  115
7098,  1483
7099,  1483
7100,  115
7101,  1483
7102,  127
7103,  1483
7104,  127
7105,  1483
7106,  127
7107,  1483
7108,  202
7109,  169
7110,  115
7111,  209
7112,  169
7113,  115
7114,  202
7115,  169
7116,  115
7117,  202
7118,  169
7119,  115
7120,  127
7121,  1483
7122,  1483
7123,  115
7124,  1483
7125,  115
7126,  1483
7127,  1483
7128,  190
7129,  157
7130,  115
7131,  197
7132,  161
7133,  115
7134,  202
7135,  157
7136,  115
7137,  189
7138,  157
7139,  115
7140,  195
7141,  157
7142,  115
7143,  127
7144,  127
7145,  115
7146,  1483
7147,  1483
7148,  127
7149,  1483
7150,  127
7151,  1483
7152,  115
7153,  115
7154,  115
7155,  1483
7156,  115
7157,  1483
7158,  1483
7159,  115
7160,  115
7161,  1483
7162,  1483
7163,  1483
7164,  189
7165,  157
7166,  115
7167,  192
7168,  192
7169,  192
7170,  157
7171,  115
7172,  195
7173,  157
7174,  115
7175,  190
7176,  157
7177,  115
7178,  115
7179,  115
7180,  1483
7181,  1483
7182,  1483
7183,  1483
7184,  1483
7185,  1483
7186,  1483
7187,  170
7188,  115
7189,  115
7190,  127
7191,  1483
7192,  127
7193,  1483
7194,  127
7195,  1483
7196,  1483
7197,  1483
7198,  1483
7199,  1483
7200,  1483
7201,  1483
7202,  1483
7203,  1483
7204,  127
7205,  1483
7206,  1483
7207,  115
7208,  115
7209,  115
7210,  115
7211,  1483
7212,  115
7213,  1483
7214,  1483
7215,  194
7216,  157
7217,  115
7218,  115
7219,  195
7220,  157
7221,  115
7222,  115
7223,  188
7224,  157
7225,  115
7226,  115
7227,  115
7228,  191
7229,  157
7230,  115
7231,  115
7232,  115
7233,  115
7234,  1483
7235,  1483
7236,  1483
7237,  127
7238,  1483
7239,  127
7240,  1483
7241,  127
7242,  1483
7243,  208
7244,  169
7245,  204
7246,  169
7247,  115
7248,  115
7249,  200
7250,  169
7251,  115
7252,  207
7253,  169
7254,  115
7255,  127
7256,  1483
7257,  1483
7258,  115
7259,  1483
7260,  115
7261,  115
7262,  115
7263,  115
7264,  115
7265,  115
7266,  115
7267,  1483
7268,  1483
7269,  115
7270,  1483
7271,  1483
7272,  115
7273,  1483
7274,  195
7275,  157
7276,  115
7277,  191
7278,  157
7279,  115
7280,  195
7281,  157
7282,  192
7283,  157
7284,  115
7285,  115
7286,  189
7287,  157
7288,  115
7289,  115
7290,  1483
7291,  1483
7292,  115
7293,  1483
7294,  429
7295,  198
7296,  115
7297,  172
7298,  115
7299,  1483
7300,  1483
7301,  115
7302,  1483
7303,  115
7304,  1483
7305,  1483
7306,  1483
7307,  115
7308,  1483
7309,  128
7310,  200
7311,  200
7312,  157
7313,  115
7314,  195
7315,  157
7316,  115
7317,  115
7318,  1483
7319,  1483
7320,  1483
7321,  115
7322,  1483
7323,  144
7324,  123
7325,  127
7326,  1483
7327,  127
7328,  1483
7329,  123
7330,  123
7331,  115
7332,  704
7333,  127
7334,  127
7335,  1483
7336,  115
7337,  327
7338,  127
7339,  115
7340,  179
7341,  207
7342,  1483
7343,  563
7344,  534
7345,  115
7346,  1483
7347,  695
7348,  146
7349,  115
7350,  146
7351,  115
7352,  115
7353,  1483
7354,  1483
7355,  217
7356,  217
7357,  217
7358,  217
7359,  168
7360,  202
7361,  168
7362,  115
7363,  115
7364,  184
7365,  159
7366,  1483
7367,  115
7368,  115
7369,  1483
7370,  1483
7371,  1483
7372,  462
7373,  501
7374,  115
7375,  185
7376,  154
7377,  115
7378,  115
7379,  1483
7380,  154
7381,  1483
7382,  1483
7383,  115
7384,  115
7385,  115
7386,  115
7387,  1483
7388,  201
7389,  168
7390,  115
7391,  115
7392,  1483
7393,  1483
7394,  115
7395,  1483
7396,  115
7397,  1483
7398,  115
7399,  1483
7400,  1483
7401,  115
7402,  1483
7403,  202
7404,  168
7405,  179
7406,  158
7407,  115
7408,  1483
7409,  200
7410,  168
7411,  168
7412,  115
7413,  127
7414,  1483
7415,  127
7416,  1483
7417,  127
7418,  1483
7419,  127
7420,  1483
7421,  115
7422,  1483
7423,  1483
7424,  1483
7425,  1483
7426,  115
7427,  1483
7428,  1483
7429,  214
7430,  170
7431,  115
7432,  1483
7433,  263
7434,  157
7435,  115
7436,  127
7437,  1483
7438,  182
7439,  127
7440,  1483
7441,  127
7442,  1483
7443,  127
7444,  1483
7445,  1483
7446,  1483
7447,  115
7448,  1483
7449,  115
7450,  1483
7451,  1483
7452,  115
7453,  1483
7454,  127
7455,  1483
7456,  1483
7457,  1483
7458,  1483
7459,  1483
7460,  127
7461,  127
7462,  1483
7463,  127
7464,  127
7465,  1483
7466,  127
7467,  1483
7468,  1483
7469,  1483
7470,  1483
7471,  1483
7472,  1483
7473,  115
7474,  191
7475,  162
7476,  115
7477,  115
7478,  115
7479,  198
7480,  167
7481,  115
7482,  115
7483,  1483
7484,  1483
7485,  127
7486,  1483
7487,  127
7488,  1483
7489,  127
7490,  1483
7491,  1483
7492,  182
7493,  115
7494,  1483
7495,  115
7496,  1483
7497,  1483
7498,  195
7499,  161
7500,  174
7501,  115
7502,  242
7503,  177
7504,  115
7505,  164
7506,  216
7507,  223
7508,  223
7509,  1483
7510,  1483
7511,  223
7512,  1533
7513,  1533
7514,  1533
7515,  115
7516,  115
7517,  178
7518,  1533
7519,  115
7520,  1533
7521,  1482
7522,  115
7523,  163
7524,  115
7525,  1483
7526,  1483
7527,  1102
7528,  115
7529,  1483
7530,  1533
7531,  1533
7532,  291
7533,  1533
7534,  369
7535,  1533
7536,  115
7537,  115
7538,  1037
7539,  115
7540,  115
7541,  200
7542,  115
7543,  1483
7544,  1483
7545,  115
7546,  115
7547,  1483
7548,  127
7549,  1483
7550,  127
7551,  1483
7552,  127
7553,  1483
7554,  1483
7555,  1483
7556,  115
7557,  150
7558,  1483
7559,  115
7560,  115
7561,  1483
7562,  1483
7563,  115
7564,  115
7565,  115
7566,  1483
7567,  1483
7568,  1483
7569,  1483
7570,  115
7571,  115
7572,  115
7573,  115
7574,  1483
7575,  1483
7576,  1483
7577,  115
7578,  115
7579,  1483
7580,  115
7581,  1483
7582,  1483
7583,  115
7584,  115
7585,  115
7586,  115
7587,  1483
7588,  115
7589,  1483
7590,  1483
7591,  1483
7592,  115
7593,  1483
7594,  127
7595,  1483
7596,  127
7597,  127
7598,  1483
7599,  127
7600,  1483
7601,  127
7602,  1483
7603,  182
7604,  115
7605,  115
7606,  150
7607,  1483
7608,  1483
7609,  1483
7610,  115
7611,  115
7612,  147
7613,  147
7614,  1483
7615,  127
7616,  1483
7617,  127
7618,  1483
7619,  127
7620,  1483
7621,  127
7622,  1483
7623,  1483
7624,  1483
7625,  1483
7626,  1483
7627,  115
7628,  1483
7629,  115
7630,  1483
7631,  1483
7632,  115
7633,  1483
7634,  1483
7635,  1483
7636,  1483
7637,  127
7638,  1483
7639,  127
7640,  1483
7641,  127
7642,  1483
7643,  1483
7644,  115
7645,  115
7646,  1483
7647,  1483
7648,  1483
7649,  115
7650,  1483
7651,  1483
7652,  182
7653,  182
7654,  127
7655,  127
7656,  1483
7657,  147
7658,  147
7659,  127
7660,  1483
7661,  1483
7662,  1483
7663,  1483
7664,  147
7665,  147
7666,  1483
7667,  1483
7668,  1483
7669,  115
7670,  1483
7671,  115
7672,  1483
7673,  1483
7674,  115
7675,  1483
7676,  127
7677,  1483
7678,  1483
7679,  1483
7680,  1483
7681,  127
7682,  127
7683,  1483
7684,  1483
7685,  127
7686,  1483
7687,  429
7688,  127
7689,  1483
7690,  1483
7691,  198
7692,  115
7693,  115
7694,  1483
7695,  115
7696,  1483
7697,  1483
7698,  115
7699,  1483
7700,  127
7701,  1483
7702,  127
7703,  127
7704,  127
7705,  127
7706,  1483
7707,  127
7708,  1483
7709,  185
7710,  115
7711,  115
7712,  115
7713,  115
7714,  115
7715,  1483
7716,  115
7717,  1483
7718,  1483
7719,  1483
7720,  115
7721,  1483
7722,  1483
7723,  147
7724,  127
7725,  1483
7726,  127
7727,  1483
7728,  127
7729,  1483
7730,  127
7731,  1483
7732,  1483
7733,  115
7734,  1483
7735,  115
7736,  1483
7737,  1483
7738,  128
7739,  128
7740,  176
7741,  1483
7742,  1483
7743,  1483
7744,  3145
7745,  1483
7746,  1483
7747,  3145
7748,  1257
7749,  115
7750,  1483
7751,  168
7752,  123
7753,  115
7754,  115
7755,  127
7756,  1483
7757,  262
7758,  123
7759,  115
7760,  704
7761,  127
7762,  127
7763,  1483
7764,  1483
7765,  115
7766,  327
7767,  127
7768,  1483
7769,  695
7770,  146
7771,  115
7772,  146
7773,  115
7774,  127
7775,  1483
7776,  1483
7777,  489
7778,  206
7779,  162
7780,  154
7781,  115
7782,  115
7783,  154
7784,  127
7785,  1483
7786,  1483
7787,  115
7788,  1483
7789,  115
7790,  1483
7791,  115
7792,  1483
7793,  1483
7794,  127
7795,  262
7796,  1483
7797,  115
7798,  1483
7799,  127
7800,  127
7801,  1483
7802,  262
7803,  127
7804,  1483
7805,  184
7806,  115
7807,  127
7808,  1483
7809,  127
7810,  1483
7811,  1483
7812,  127
7813,  1483
7814,  1483
7815,  147
7816,  147
7817,  1483
7818,  1483
7819,  1483
7820,  115
7821,  429
7822,  1483
7823,  1483
7824,  115
7825,  1483
7826,  127
7827,  262
7828,  198
7829,  115
7830,  115
7831,  1483
7832,  1483
7833,  115
7834,  1483
7835,  115
7836,  115
7837,  1483
7838,  1483
7839,  115
7840,  1483
7841,  115
7842,  1083
7843,  180
7844,  253
7845,  303
7846,  154
7847,  115
7848,  115
7849,  154
7850,  115
7851,  115
7852,  115
7853,  115
7854,  147
7855,  91
7856,  91
7857,  91
7858,  147
7859,  147
7860,  147
7861,  147
7862,  147
7863,  147
7864,  176
7865,  993
7866,  115
7867,  115
7868,  147
7869,  180
7870,  365
7871,  327
7872,  327
7873,  327
7874,  154
7875,  115
7876,  154
7877,  115
7878,  147
7879,  147
7880,  95
7881,  95
7882,  95
7883,  95
7884,  95
7885,  639
7886,  123
7887,  123
7888,  123
7889,  139
7890,  151
7891,  115
7892,  115
7893,  414
7894,  639
7895,  131
7896,  168
7897,  168
7898,  317
7899,  317
7900,  235
7901,  130
7902,  269
7903,  131
7904,  131
7905,  448
7906,  131
7907,  168
7908,  317
7909,  235
7910,  130
7911,  269
7912,  131
7913,  448
7914,  115
7915,  115
7916,  115
7917,  91
7918,  91
7919,  95
7920,  95
7921,  95
7922,  95
7923,  95
7924,  95
7925,  95
7926,  95
7927,  639
7928,  464
7929,  536
7930,  532
7931,  512
7932,  544
7933,  526
7934,  528
7935,  528
7936,  464
7937,  536
7938,  532
7939,  512
7940,  544
7941,  526
7942,  528
7943,  528
7944,  115
7945,  115
7946,  115
7947,  115
7948,  115
7949,  115
7950,  91
7951,  91
7952,  91
7953,  91
7954,  414
7955,  639
7956,  115
7957,  115
7958,  198
7959,  115
7960,  429
7961,  198
7962,  115
7963,  115
7964,  115
7965,  429
7966,  198
7967,  115
7968,  95
7969,  95
7970,  95
7971,  95
7972,  95
7973,  639
7974,  147
7975,  147
7976,  147
7977,  91
7978,  91
7979,  147
7980,  115
7981,  115
7982,  147
7983,  147
7984,  147
7985,  639
7986,  123
7987,  123
7988,  151
7989,  151
7990,  139
7991,  139
7992,  139
7993,  115
7994,  115
7995,  141
7996,  115
7997,  141
7998,  141
7999,  115
