0,  1441
1,  119
2,  398
3,  194
4,  1441
5,  1441
6,  1441
7,  1441
8,  1441
9,  1441
10,  1441
11,  1441
12,  1441
13,  1441
14,  1435
15,  1441
16,  1441
17,  1441
18,  1441
19,  1441
20,  1441
21,  1441
22,  1441
23,  1441
24,  1441
25,  1441
26,  1441
27,  1441
28,  1441
29,  1441
30,  1441
31,  1397
32,  1441
33,  1441
34,  111
35,  1441
36,  1441
37,  111
38,  111
39,  111
40,  1441
41,  1441
42,  1441
43,  1441
44,  1441
45,  1441
46,  1441
47,  111
48,  111
49,  1441
50,  612
51,  1441
52,  1302
53,  111
54,  111
55,  111
56,  111
57,  111
58,  111
59,  111
60,  111
61,  111
62,  111
63,  1441
64,  1250
65,  111
66,  1339
67,  118
68,  118
69,  111
70,  1441
71,  1164
72,  1164
73,  228
74,  228
75,  228
76,  228
77,  495
78,  111
79,  228
80,  111
81,  458
82,  132
83,  119
84,  1441
85,  1175
86,  382
87,  228
88,  111
89,  111
90,  119
91,  406
92,  385
93,  385
94,  1308
95,  154
96,  154
97,  154
98,  154
99,  154
100,  154
101,  154
102,  448
103,  448
104,  448
105,  448
106,  1441
107,  111
108,  1441
109,  448
110,  1441
111,  1127
112,  111
113,  149
114,  1441
115,  1181
116,  111
117,  1441
118,  1230
119,  111
120,  1269
121,  1269
122,  111
123,  1441
124,  1102
125,  115
126,  111
127,  1441
128,  1162
129,  111
130,  115
131,  175
132,  111
133,  1441
134,  1279
135,  111
136,  1393
137,  124
138,  1441
139,  1200
140,  111
141,  1441
142,  1441
143,  1441
144,  1441
145,  1441
146,  1088
147,  111
148,  1441
149,  1165
150,  111
151,  1386
152,  382
153,  119
154,  1441
155,  1259
156,  111
157,  391
158,  1441
159,  1253
160,  385
161,  111
162,  1441
163,  1226
164,  111
165,  1441
166,  1168
167,  1168
168,  111
169,  1294
170,  111
171,  1441
172,  1118
173,  111
174,  1441
175,  1180
176,  1441
177,  1171
178,  111
179,  111
180,  1298
181,  111
182,  1441
183,  1174
184,  111
185,  1441
186,  1145
187,  111
188,  1441
189,  1166
190,  124
191,  1441
192,  1235
193,  111
194,  1404
195,  1404
196,  111
197,  111
198,  1441
199,  1376
200,  132
201,  111
202,  119
203,  1441
204,  1441
205,  1441
206,  115
207,  111
208,  1423
209,  111
210,  1441
211,  1441
212,  1207
213,  115
214,  103
215,  103
216,  111
217,  1441
218,  1266
219,  1441
220,  1433
221,  103
222,  103
223,  1441
224,  1279
225,  111
226,  1383
227,  1441
228,  1422
229,  1441
230,  1441
231,  571
232,  111
233,  1441
234,  1441
235,  1441
236,  585
237,  1441
238,  297
239,  1441
240,  1441
241,  1441
242,  174
243,  111
244,  1441
245,  1441
246,  1203
247,  228
248,  495
249,  1441
250,  1242
251,  111
252,  1441
253,  1202
254,  228
255,  1293
256,  382
257,  366
258,  366
259,  391
260,  1441
261,  1112
262,  385
263,  385
264,  1441
265,  1196
266,  1441
267,  1269
268,  1387
269,  1441
270,  1273
271,  1441
272,  1207
273,  1441
274,  1168
275,  124
276,  1383
277,  1383
278,  1383
279,  111
280,  1441
281,  1258
282,  124
283,  111
284,  1441
285,  1427
286,  111
287,  1441
288,  1301
289,  1426
290,  1203
291,  1441
292,  1178
293,  119
294,  119
295,  1441
296,  1232
297,  382
298,  391
299,  1441
300,  1173
301,  385
302,  1384
303,  111
304,  1441
305,  1161
306,  387
307,  639
308,  109
309,  111
310,  1441
311,  1226
312,  107
313,  111
314,  1441
315,  1316
316,  219
317,  136
318,  91
319,  91
320,  91
321,  91
322,  91
323,  311
324,  126
325,  119
326,  119
327,  1441
328,  196
329,  109
330,  111
331,  1441
332,  1441
333,  180
334,  111
335,  1441
336,  1441
337,  1441
338,  1441
339,  1441
340,  1441
341,  1308
342,  111
343,  1441
344,  1262
345,  107
346,  91
347,  91
348,  111
349,  134
350,  169
351,  169
352,  169
353,  169
354,  169
355,  1441
356,  1441
357,  1154
358,  109
359,  109
360,  109
361,  109
362,  109
363,  109
364,  109
365,  109
366,  103
367,  103
368,  109
369,  109
370,  109
371,  109
372,  103
373,  103
374,  109
375,  109
376,  109
377,  109
378,  103
379,  103
380,  109
381,  109
382,  103
383,  103
384,  109
385,  109
386,  109
387,  109
388,  109
389,  109
390,  109
391,  109
392,  109
393,  109
394,  109
395,  103
396,  103
397,  103
398,  103
399,  103
400,  103
401,  103
402,  103
403,  109
404,  109
405,  109
406,  109
407,  109
408,  109
409,  103
410,  103
411,  103
412,  103
413,  103
414,  103
415,  109
416,  109
417,  109
418,  103
419,  103
420,  109
421,  109
422,  103
423,  103
424,  109
425,  109
426,  103
427,  103
428,  103
429,  111
430,  109
431,  109
432,  103
433,  103
434,  103
435,  103
436,  103
437,  103
438,  103
439,  109
440,  109
441,  109
442,  109
443,  109
444,  109
445,  109
446,  109
447,  109
448,  109
449,  103
450,  103
451,  103
452,  103
453,  103
454,  103
455,  103
456,  103
457,  103
458,  109
459,  109
460,  109
461,  109
462,  109
463,  109
464,  109
465,  109
466,  109
467,  109
468,  109
469,  109
470,  109
471,  109
472,  109
473,  109
474,  109
475,  109
476,  109
477,  109
478,  109
479,  109
480,  109
481,  109
482,  109
483,  103
484,  103
485,  103
486,  103
487,  103
488,  103
489,  103
490,  103
491,  103
492,  103
493,  103
494,  103
495,  103
496,  103
497,  103
498,  109
499,  109
500,  109
501,  109
502,  109
503,  109
504,  109
505,  109
506,  109
507,  109
508,  109
509,  109
510,  103
511,  103
512,  109
513,  109
514,  109
515,  109
516,  109
517,  103
518,  103
519,  103
520,  103
521,  103
522,  103
523,  103
524,  103
525,  103
526,  103
527,  103
528,  109
529,  103
530,  103
531,  103
532,  103
533,  109
534,  103
535,  103
536,  103
537,  103
538,  103
539,  103
540,  103
541,  109
542,  109
543,  109
544,  1328
545,  103
546,  109
547,  109
548,  103
549,  109
550,  109
551,  109
552,  109
553,  109
554,  103
555,  103
556,  103
557,  103
558,  109
559,  103
560,  103
561,  103
562,  109
563,  109
564,  103
565,  109
566,  103
567,  109
568,  109
569,  109
570,  109
571,  109
572,  109
573,  109
574,  109
575,  109
576,  109
577,  103
578,  103
579,  103
580,  109
581,  103
582,  103
583,  103
584,  109
585,  109
586,  109
587,  103
588,  103
589,  103
590,  103
591,  103
592,  109
593,  109
594,  109
595,  109
596,  109
597,  103
598,  109
599,  109
600,  109
601,  109
602,  109
603,  109
604,  103
605,  103
606,  103
607,  103
608,  103
609,  103
610,  109
611,  109
612,  109
613,  109
614,  109
615,  109
616,  109
617,  109
618,  109
619,  109
620,  109
621,  109
622,  109
623,  109
624,  109
625,  109
626,  109
627,  109
628,  109
629,  109
630,  109
631,  103
632,  103
633,  103
634,  103
635,  103
636,  103
637,  107
638,  103
639,  103
640,  103
641,  103
642,  103
643,  103
644,  103
645,  103
646,  103
647,  103
648,  103
649,  103
650,  103
651,  103
652,  103
653,  107
654,  103
655,  103
656,  103
657,  103
658,  103
659,  103
660,  103
661,  109
662,  109
663,  109
664,  109
665,  109
666,  109
667,  109
668,  109
669,  109
670,  109
671,  109
672,  109
673,  109
674,  109
675,  103
676,  103
677,  103
678,  109
679,  103
680,  103
681,  103
682,  109
683,  109
684,  109
685,  109
686,  109
687,  109
688,  109
689,  109
690,  109
691,  109
692,  109
693,  103
694,  103
695,  103
696,  103
697,  103
698,  103
699,  103
700,  103
701,  103
702,  103
703,  109
704,  103
705,  103
706,  103
707,  103
708,  103
709,  103
710,  103
711,  103
712,  103
713,  103
714,  103
715,  127
716,  109
717,  103
718,  109
719,  109
720,  109
721,  109
722,  109
723,  109
724,  109
725,  109
726,  109
727,  109
728,  109
729,  109
730,  109
731,  109
732,  109
733,  109
734,  103
735,  103
736,  103
737,  103
738,  109
739,  109
740,  103
741,  109
742,  103
743,  103
744,  109
745,  103
746,  109
747,  103
748,  103
749,  103
750,  103
751,  103
752,  103
753,  103
754,  103
755,  103
756,  103
757,  103
758,  103
759,  103
760,  103
761,  103
762,  103
763,  103
764,  103
765,  103
766,  103
767,  103
768,  103
769,  103
770,  109
771,  109
772,  109
773,  109
774,  109
775,  109
776,  109
777,  109
778,  109
779,  109
780,  109
781,  103
782,  103
783,  103
784,  103
785,  103
786,  103
787,  103
788,  109
789,  103
790,  109
791,  103
792,  109
793,  103
794,  103
795,  109
796,  103
797,  103
798,  103
799,  103
800,  103
801,  103
802,  109
803,  109
804,  103
805,  103
806,  109
807,  109
808,  109
809,  109
810,  103
811,  103
812,  109
813,  109
814,  103
815,  103
816,  109
817,  109
818,  109
819,  103
820,  103
821,  103
822,  103
823,  109
824,  109
825,  109
826,  109
827,  109
828,  109
829,  109
830,  109
831,  109
832,  109
833,  109
834,  109
835,  109
836,  109
837,  109
838,  109
839,  109
840,  109
841,  109
842,  109
843,  103
844,  103
845,  103
846,  103
847,  103
848,  103
849,  103
850,  103
851,  103
852,  103
853,  109
854,  103
855,  103
856,  103
857,  103
858,  103
859,  103
860,  103
861,  103
862,  103
863,  103
864,  134
865,  109
866,  109
867,  109
868,  1188
869,  103
870,  109
871,  109
872,  109
873,  103
874,  103
875,  109
876,  109
877,  103
878,  109
879,  103
880,  103
881,  109
882,  109
883,  109
884,  109
885,  109
886,  109
887,  109
888,  109
889,  103
890,  109
891,  103
892,  103
893,  103
894,  103
895,  109
896,  109
897,  103
898,  103
899,  103
900,  103
901,  109
902,  109
903,  109
904,  109
905,  109
906,  109
907,  109
908,  109
909,  103
910,  103
911,  103
912,  109
913,  109
914,  109
915,  109
916,  109
917,  109
918,  103
919,  103
920,  103
921,  103
922,  103
923,  103
924,  103
925,  103
926,  103
927,  103
928,  103
929,  103
930,  103
931,  103
932,  103
933,  103
934,  103
935,  103
936,  103
937,  103
938,  103
939,  103
940,  103
941,  103
942,  103
943,  103
944,  103
945,  103
946,  103
947,  103
948,  103
949,  103
950,  103
951,  103
952,  103
953,  103
954,  103
955,  103
956,  109
957,  109
958,  109
959,  109
960,  109
961,  109
962,  109
963,  109
964,  109
965,  109
966,  109
967,  109
968,  109
969,  109
970,  109
971,  109
972,  109
973,  109
974,  109
975,  109
976,  109
977,  109
978,  109
979,  109
980,  109
981,  109
982,  109
983,  109
984,  103
985,  103
986,  103
987,  103
988,  103
989,  103
990,  103
991,  103
992,  103
993,  103
994,  103
995,  103
996,  103
997,  103
998,  103
999,  120
1000,  103
1001,  103
1002,  103
1003,  103
1004,  103
1005,  103
1006,  103
1007,  103
1008,  111
1009,  103
1010,  103
1011,  103
1012,  103
1013,  103
1014,  103
1015,  103
1016,  109
1017,  109
1018,  109
1019,  109
1020,  109
1021,  109
1022,  109
1023,  109
1024,  109
1025,  109
1026,  109
1027,  109
1028,  109
1029,  109
1030,  109
1031,  109
1032,  109
1033,  109
1034,  109
1035,  109
1036,  109
1037,  103
1038,  103
1039,  103
1040,  103
1041,  103
1042,  103
1043,  103
1044,  103
1045,  103
1046,  103
1047,  103
1048,  103
1049,  103
1050,  103
1051,  103
1052,  103
1053,  103
1054,  103
1055,  103
1056,  103
1057,  103
1058,  103
1059,  109
1060,  109
1061,  109
1062,  109
1063,  109
1064,  109
1065,  109
1066,  109
1067,  109
1068,  109
1069,  109
1070,  109
1071,  103
1072,  103
1073,  103
1074,  109
1075,  109
1076,  109
1077,  109
1078,  109
1079,  109
1080,  109
1081,  103
1082,  109
1083,  103
1084,  103
1085,  109
1086,  103
1087,  109
1088,  103
1089,  109
1090,  109
1091,  109
1092,  109
1093,  109
1094,  103
1095,  103
1096,  103
1097,  103
1098,  103
1099,  103
1100,  103
1101,  103
1102,  103
1103,  109
1104,  103
1105,  103
1106,  103
1107,  103
1108,  103
1109,  103
1110,  103
1111,  103
1112,  103
1113,  109
1114,  109
1115,  109
1116,  109
1117,  103
1118,  109
1119,  109
1120,  103
1121,  109
1122,  103
1123,  103
1124,  103
1125,  109
1126,  103
1127,  103
1128,  103
1129,  103
1130,  103
1131,  109
1132,  103
1133,  109
1134,  109
1135,  109
1136,  103
1137,  103
1138,  109
1139,  109
1140,  109
1141,  103
1142,  103
1143,  103
1144,  103
1145,  103
1146,  103
1147,  103
1148,  109
1149,  1441
1150,  103
1151,  109
1152,  109
1153,  109
1154,  109
1155,  109
1156,  109
1157,  109
1158,  109
1159,  109
1160,  109
1161,  109
1162,  109
1163,  109
1164,  103
1165,  103
1166,  109
1167,  103
1168,  103
1169,  91
1170,  109
1171,  103
1172,  109
1173,  103
1174,  109
1175,  109
1176,  109
1177,  109
1178,  109
1179,  109
1180,  109
1181,  109
1182,  109
1183,  109
1184,  109
1185,  109
1186,  103
1187,  103
1188,  103
1189,  103
1190,  109
1191,  103
1192,  109
1193,  103
1194,  103
1195,  103
1196,  109
1197,  109
1198,  109
1199,  109
1200,  109
1201,  103
1202,  103
1203,  103
1204,  103
1205,  109
1206,  103
1207,  103
1208,  103
1209,  103
1210,  103
1211,  103
1212,  103
1213,  109
1214,  103
1215,  103
1216,  103
1217,  109
1218,  109
1219,  109
1220,  109
1221,  109
1222,  109
1223,  109
1224,  103
1225,  103
1226,  103
1227,  103
1228,  103
1229,  109
1230,  103
1231,  109
1232,  109
1233,  109
1234,  103
1235,  109
1236,  109
1237,  109
1238,  103
1239,  103
1240,  109
1241,  109
1242,  103
1243,  103
1244,  109
1245,  109
1246,  109
1247,  109
1248,  109
1249,  109
1250,  103
1251,  103
1252,  109
1253,  109
1254,  109
1255,  103
1256,  103
1257,  109
1258,  109
1259,  109
1260,  109
1261,  109
1262,  109
1263,  109
1264,  109
1265,  109
1266,  109
1267,  109
1268,  103
1269,  103
1270,  103
1271,  103
1272,  103
1273,  103
1274,  103
1275,  103
1276,  103
1277,  103
1278,  109
1279,  109
1280,  103
1281,  103
1282,  103
1283,  103
1284,  103
1285,  103
1286,  103
1287,  103
1288,  103
1289,  109
1290,  109
1291,  109
1292,  109
1293,  109
1294,  109
1295,  109
1296,  109
1297,  109
1298,  109
1299,  109
1300,  109
1301,  103
1302,  103
1303,  103
1304,  103
1305,  109
1306,  109
1307,  103
1308,  103
1309,  103
1310,  103
1311,  103
1312,  103
1313,  103
1314,  103
1315,  103
1316,  103
1317,  103
1318,  103
1319,  103
1320,  103
1321,  103
1322,  103
1323,  109
1324,  103
1325,  103
1326,  103
1327,  103
1328,  103
1329,  103
1330,  103
1331,  109
1332,  109
1333,  109
1334,  109
1335,  109
1336,  109
1337,  109
1338,  109
1339,  109
1340,  109
1341,  109
1342,  109
1343,  109
1344,  103
1345,  103
1346,  103
1347,  103
1348,  103
1349,  109
1350,  103
1351,  103
1352,  103
1353,  103
1354,  109
1355,  103
1356,  103
1357,  103
1358,  103
1359,  103
1360,  109
1361,  103
1362,  109
1363,  103
1364,  109
1365,  109
1366,  109
1367,  109
1368,  103
1369,  103
1370,  103
1371,  103
1372,  103
1373,  109
1374,  109
1375,  103
1376,  109
1377,  109
1378,  109
1379,  109
1380,  109
1381,  109
1382,  109
1383,  109
1384,  109
1385,  109
1386,  109
1387,  109
1388,  109
1389,  109
1390,  109
1391,  109
1392,  109
1393,  109
1394,  103
1395,  103
1396,  103
1397,  103
1398,  103
1399,  103
1400,  103
1401,  103
1402,  103
1403,  103
1404,  103
1405,  103
1406,  103
1407,  103
1408,  103
1409,  103
1410,  103
1411,  103
1412,  109
1413,  109
1414,  109
1415,  109
1416,  109
1417,  109
1418,  103
1419,  103
1420,  103
1421,  1441
1422,  103
1423,  1293
1424,  109
1425,  109
1426,  109
1427,  109
1428,  109
1429,  109
1430,  109
1431,  109
1432,  109
1433,  103
1434,  103
1435,  103
1436,  103
1437,  109
1438,  109
1439,  109
1440,  109
1441,  109
1442,  109
1443,  109
1444,  109
1445,  109
1446,  109
1447,  109
1448,  109
1449,  109
1450,  103
1451,  103
1452,  103
1453,  103
1454,  109
1455,  103
1456,  103
1457,  103
1458,  103
1459,  103
1460,  103
1461,  103
1462,  103
1463,  109
1464,  109
1465,  109
1466,  109
1467,  109
1468,  109
1469,  103
1470,  109
1471,  109
1472,  109
1473,  103
1474,  109
1475,  109
1476,  109
1477,  109
1478,  109
1479,  103
1480,  103
1481,  103
1482,  103
1483,  103
1484,  103
1485,  103
1486,  91
1487,  109
1488,  103
1489,  103
1490,  103
1491,  103
1492,  103
1493,  103
1494,  103
1495,  103
1496,  103
1497,  103
1498,  109
1499,  103
1500,  109
1501,  103
1502,  103
1503,  103
1504,  103
1505,  103
1506,  103
1507,  103
1508,  103
1509,  103
1510,  103
1511,  103
1512,  103
1513,  103
1514,  103
1515,  103
1516,  103
1517,  103
1518,  103
1519,  103
1520,  103
1521,  103
1522,  103
1523,  103
1524,  103
1525,  103
1526,  103
1527,  103
1528,  103
1529,  109
1530,  109
1531,  109
1532,  109
1533,  109
1534,  109
1535,  109
1536,  109
1537,  109
1538,  109
1539,  109
1540,  109
1541,  109
1542,  109
1543,  109
1544,  109
1545,  109
1546,  109
1547,  109
1548,  109
1549,  109
1550,  109
1551,  109
1552,  109
1553,  109
1554,  109
1555,  109
1556,  109
1557,  109
1558,  109
1559,  109
1560,  109
1561,  109
1562,  109
1563,  109
1564,  109
1565,  109
1566,  103
1567,  103
1568,  103
1569,  109
1570,  103
1571,  109
1572,  103
1573,  109
1574,  109
1575,  109
1576,  109
1577,  109
1578,  109
1579,  109
1580,  103
1581,  103
1582,  103
1583,  103
1584,  103
1585,  103
1586,  103
1587,  103
1588,  103
1589,  103
1590,  103
1591,  103
1592,  103
1593,  103
1594,  103
1595,  103
1596,  103
1597,  103
1598,  103
1599,  103
1600,  103
1601,  103
1602,  109
1603,  103
1604,  103
1605,  103
1606,  183
1607,  103
1608,  103
1609,  103
1610,  103
1611,  103
1612,  103
1613,  103
1614,  103
1615,  103
1616,  130
1617,  103
1618,  103
1619,  109
1620,  103
1621,  103
1622,  103
1623,  103
1624,  103
1625,  109
1626,  103
1627,  103
1628,  103
1629,  103
1630,  103
1631,  103
1632,  103
1633,  109
1634,  109
1635,  109
1636,  109
1637,  109
1638,  109
1639,  109
1640,  109
1641,  109
1642,  109
1643,  109
1644,  109
1645,  109
1646,  109
1647,  109
1648,  109
1649,  109
1650,  109
1651,  109
1652,  109
1653,  109
1654,  109
1655,  109
1656,  109
1657,  109
1658,  109
1659,  109
1660,  103
1661,  103
1662,  103
1663,  103
1664,  103
1665,  103
1666,  103
1667,  103
1668,  103
1669,  103
1670,  103
1671,  103
1672,  103
1673,  103
1674,  103
1675,  109
1676,  109
1677,  109
1678,  109
1679,  109
1680,  109
1681,  109
1682,  109
1683,  109
1684,  109
1685,  109
1686,  109
1687,  109
1688,  109
1689,  103
1690,  103
1691,  103
1692,  103
1693,  103
1694,  103
1695,  103
1696,  103
1697,  103
1698,  103
1699,  103
1700,  103
1701,  109
1702,  103
1703,  103
1704,  103
1705,  103
1706,  103
1707,  103
1708,  103
1709,  103
1710,  103
1711,  103
1712,  103
1713,  103
1714,  109
1715,  109
1716,  109
1717,  109
1718,  109
1719,  109
1720,  109
1721,  109
1722,  103
1723,  109
1724,  109
1725,  109
1726,  109
1727,  103
1728,  103
1729,  103
1730,  103
1731,  109
1732,  109
1733,  103
1734,  103
1735,  103
1736,  103
1737,  132
1738,  103
1739,  103
1740,  109
1741,  109
1742,  109
1743,  109
1744,  109
1745,  109
1746,  109
1747,  109
1748,  109
1749,  109
1750,  119
1751,  103
1752,  103
1753,  103
1754,  103
1755,  109
1756,  109
1757,  103
1758,  103
1759,  103
1760,  103
1761,  109
1762,  109
1763,  109
1764,  109
1765,  109
1766,  103
1767,  103
1768,  1394
1769,  103
1770,  103
1771,  103
1772,  103
1773,  103
1774,  103
1775,  103
1776,  103
1777,  109
1778,  109
1779,  109
1780,  109
1781,  109
1782,  109
1783,  109
1784,  109
1785,  109
1786,  103
1787,  103
1788,  103
1789,  103
1790,  103
1791,  109
1792,  109
1793,  109
1794,  109
1795,  109
1796,  109
1797,  103
1798,  103
1799,  109
1800,  103
1801,  103
1802,  109
1803,  109
1804,  109
1805,  109
1806,  109
1807,  109
1808,  109
1809,  109
1810,  109
1811,  103
1812,  103
1813,  103
1814,  103
1815,  103
1816,  103
1817,  103
1818,  109
1819,  103
1820,  109
1821,  103
1822,  103
1823,  103
1824,  103
1825,  103
1826,  103
1827,  109
1828,  109
1829,  109
1830,  109
1831,  103
1832,  103
1833,  103
1834,  103
1835,  109
1836,  109
1837,  109
1838,  109
1839,  109
1840,  109
1841,  109
1842,  103
1843,  103
1844,  103
1845,  103
1846,  109
1847,  103
1848,  109
1849,  103
1850,  103
1851,  103
1852,  103
1853,  103
1854,  103
1855,  109
1856,  109
1857,  109
1858,  109
1859,  109
1860,  109
1861,  109
1862,  109
1863,  103
1864,  103
1865,  103
1866,  103
1867,  109
1868,  109
1869,  109
1870,  109
1871,  109
1872,  109
1873,  109
1874,  109
1875,  109
1876,  109
1877,  109
1878,  109
1879,  109
1880,  109
1881,  109
1882,  109
1883,  109
1884,  103
1885,  103
1886,  109
1887,  109
1888,  109
1889,  109
1890,  109
1891,  109
1892,  109
1893,  109
1894,  109
1895,  109
1896,  109
1897,  109
1898,  109
1899,  109
1900,  109
1901,  109
1902,  109
1903,  109
1904,  103
1905,  103
1906,  103
1907,  103
1908,  103
1909,  103
1910,  103
1911,  103
1912,  103
1913,  103
1914,  103
1915,  103
1916,  103
1917,  103
1918,  109
1919,  103
1920,  103
1921,  103
1922,  103
1923,  103
1924,  103
1925,  103
1926,  103
1927,  103
1928,  103
1929,  103
1930,  103
1931,  103
1932,  103
1933,  103
1934,  109
1935,  109
1936,  109
1937,  109
1938,  109
1939,  109
1940,  109
1941,  109
1942,  103
1943,  103
1944,  103
1945,  103
1946,  103
1947,  103
1948,  109
1949,  109
1950,  109
1951,  109
1952,  103
1953,  103
1954,  109
1955,  103
1956,  103
1957,  109
1958,  109
1959,  109
1960,  109
1961,  109
1962,  109
1963,  109
1964,  103
1965,  103
1966,  103
1967,  103
1968,  109
1969,  109
1970,  103
1971,  103
1972,  103
1973,  103
1974,  109
1975,  109
1976,  109
1977,  109
1978,  109
1979,  109
1980,  109
1981,  109
1982,  109
1983,  109
1984,  103
1985,  103
1986,  103
1987,  103
1988,  109
1989,  109
1990,  109
1991,  109
1992,  109
1993,  109
1994,  103
1995,  103
1996,  103
1997,  103
1998,  109
1999,  109
2000,  103
2001,  109
2002,  109
2003,  103
2004,  109
2005,  109
2006,  111
2007,  109
2008,  109
2009,  109
2010,  103
2011,  103
2012,  103
2013,  103
2014,  109
2015,  109
2016,  109
2017,  109
2018,  109
2019,  109
2020,  109
2021,  103
2022,  103
2023,  103
2024,  103
2025,  103
2026,  103
2027,  103
2028,  103
2029,  109
2030,  103
2031,  103
2032,  103
2033,  103
2034,  103
2035,  103
2036,  103
2037,  103
2038,  103
2039,  103
2040,  103
2041,  103
2042,  103
2043,  109
2044,  109
2045,  109
2046,  109
2047,  109
2048,  109
2049,  109
2050,  109
2051,  109
2052,  103
2053,  109
2054,  109
2055,  109
2056,  103
2057,  109
2058,  103
2059,  103
2060,  109
2061,  109
2062,  109
2063,  103
2064,  103
2065,  109
2066,  103
2067,  103
2068,  103
2069,  103
2070,  103
2071,  103
2072,  103
2073,  109
2074,  109
2075,  109
2076,  109
2077,  109
2078,  109
2079,  109
2080,  109
2081,  109
2082,  109
2083,  109
2084,  109
2085,  109
2086,  109
2087,  109
2088,  109
2089,  103
2090,  103
2091,  103
2092,  103
2093,  103
2094,  109
2095,  109
2096,  109
2097,  109
2098,  109
2099,  109
2100,  109
2101,  103
2102,  109
2103,  109
2104,  109
2105,  109
2106,  103
2107,  103
2108,  109
2109,  109
2110,  109
2111,  109
2112,  109
2113,  109
2114,  109
2115,  109
2116,  109
2117,  109
2118,  109
2119,  109
2120,  109
2121,  109
2122,  109
2123,  109
2124,  109
2125,  109
2126,  109
2127,  109
2128,  109
2129,  109
2130,  109
2131,  109
2132,  109
2133,  109
2134,  109
2135,  109
2136,  109
2137,  109
2138,  109
2139,  109
2140,  109
2141,  103
2142,  109
2143,  109
2144,  109
2145,  109
2146,  109
2147,  109
2148,  109
2149,  103
2150,  103
2151,  103
2152,  103
2153,  103
2154,  1441
2155,  1293
2156,  103
2157,  103
2158,  103
2159,  103
2160,  103
2161,  103
2162,  103
2163,  103
2164,  103
2165,  103
2166,  109
2167,  109
2168,  109
2169,  109
2170,  109
2171,  109
2172,  109
2173,  109
2174,  109
2175,  109
2176,  109
2177,  109
2178,  109
2179,  109
2180,  91
2181,  109
2182,  109
2183,  109
2184,  109
2185,  109
2186,  109
2187,  109
2188,  109
2189,  109
2190,  109
2191,  109
2192,  109
2193,  109
2194,  109
2195,  109
2196,  109
2197,  109
2198,  109
2199,  109
2200,  109
2201,  109
2202,  109
2203,  109
2204,  109
2205,  109
2206,  109
2207,  109
2208,  109
2209,  109
2210,  109
2211,  109
2212,  109
2213,  109
2214,  109
2215,  109
2216,  109
2217,  109
2218,  109
2219,  109
2220,  109
2221,  109
2222,  109
2223,  109
2224,  109
2225,  109
2226,  109
2227,  109
2228,  109
2229,  109
2230,  109
2231,  109
2232,  109
2233,  103
2234,  103
2235,  109
2236,  103
2237,  109
2238,  103
2239,  103
2240,  103
2241,  103
2242,  103
2243,  103
2244,  103
2245,  103
2246,  103
2247,  103
2248,  103
2249,  103
2250,  103
2251,  103
2252,  103
2253,  103
2254,  103
2255,  103
2256,  103
2257,  103
2258,  103
2259,  103
2260,  103
2261,  109
2262,  103
2263,  103
2264,  103
2265,  103
2266,  103
2267,  103
2268,  103
2269,  103
2270,  103
2271,  103
2272,  103
2273,  103
2274,  103
2275,  103
2276,  103
2277,  103
2278,  103
2279,  103
2280,  103
2281,  109
2282,  109
2283,  103
2284,  103
2285,  103
2286,  109
2287,  109
2288,  103
2289,  109
2290,  109
2291,  109
2292,  103
2293,  103
2294,  103
2295,  103
2296,  103
2297,  103
2298,  103
2299,  103
2300,  103
2301,  103
2302,  103
2303,  103
2304,  103
2305,  103
2306,  103
2307,  103
2308,  103
2309,  103
2310,  103
2311,  103
2312,  103
2313,  103
2314,  109
2315,  103
2316,  103
2317,  103
2318,  103
2319,  103
2320,  103
2321,  103
2322,  103
2323,  103
2324,  103
2325,  103
2326,  103
2327,  103
2328,  103
2329,  103
2330,  103
2331,  103
2332,  103
2333,  103
2334,  109
2335,  109
2336,  109
2337,  103
2338,  103
2339,  103
2340,  103
2341,  109
2342,  109
2343,  103
2344,  103
2345,  103
2346,  103
2347,  103
2348,  103
2349,  103
2350,  103
2351,  103
2352,  103
2353,  103
2354,  103
2355,  103
2356,  109
2357,  103
2358,  109
2359,  103
2360,  103
2361,  103
2362,  103
2363,  103
2364,  103
2365,  103
2366,  103
2367,  103
2368,  103
2369,  103
2370,  103
2371,  109
2372,  109
2373,  103
2374,  103
2375,  103
2376,  103
2377,  103
2378,  103
2379,  103
2380,  103
2381,  103
2382,  109
2383,  109
2384,  109
2385,  109
2386,  109
2387,  109
2388,  109
2389,  109
2390,  111
2391,  109
2392,  109
2393,  1441
2394,  1354
2395,  103
2396,  103
2397,  103
2398,  103
2399,  103
2400,  103
2401,  103
2402,  103
2403,  109
2404,  109
2405,  109
2406,  109
2407,  109
2408,  109
2409,  103
2410,  103
2411,  103
2412,  109
2413,  109
2414,  103
2415,  109
2416,  109
2417,  109
2418,  109
2419,  109
2420,  109
2421,  109
2422,  109
2423,  109
2424,  109
2425,  109
2426,  103
2427,  103
2428,  103
2429,  109
2430,  103
2431,  103
2432,  103
2433,  109
2434,  103
2435,  103
2436,  103
2437,  103
2438,  109
2439,  103
2440,  103
2441,  103
2442,  103
2443,  109
2444,  109
2445,  109
2446,  109
2447,  109
2448,  109
2449,  109
2450,  103
2451,  103
2452,  103
2453,  103
2454,  103
2455,  109
2456,  103
2457,  103
2458,  103
2459,  103
2460,  103
2461,  109
2462,  103
2463,  109
2464,  103
2465,  109
2466,  109
2467,  103
2468,  109
2469,  103
2470,  109
2471,  109
2472,  109
2473,  109
2474,  109
2475,  103
2476,  103
2477,  109
2478,  103
2479,  109
2480,  103
2481,  103
2482,  103
2483,  103
2484,  103
2485,  109
2486,  103
2487,  103
2488,  109
2489,  103
2490,  103
2491,  109
2492,  103
2493,  103
2494,  109
2495,  109
2496,  109
2497,  109
2498,  109
2499,  109
2500,  109
2501,  109
2502,  103
2503,  109
2504,  103
2505,  109
2506,  109
2507,  109
2508,  109
2509,  109
2510,  109
2511,  109
2512,  109
2513,  109
2514,  103
2515,  103
2516,  103
2517,  103
2518,  103
2519,  103
2520,  103
2521,  109
2522,  103
2523,  103
2524,  103
2525,  109
2526,  109
2527,  109
2528,  103
2529,  109
2530,  109
2531,  109
2532,  103
2533,  103
2534,  103
2535,  103
2536,  103
2537,  103
2538,  103
2539,  109
2540,  103
2541,  103
2542,  103
2543,  109
2544,  103
2545,  103
2546,  103
2547,  103
2548,  109
2549,  103
2550,  109
2551,  103
2552,  109
2553,  109
2554,  109
2555,  109
2556,  109
2557,  109
2558,  109
2559,  109
2560,  109
2561,  109
2562,  109
2563,  109
2564,  103
2565,  103
2566,  103
2567,  103
2568,  103
2569,  103
2570,  103
2571,  109
2572,  103
2573,  103
2574,  103
2575,  109
2576,  103
2577,  103
2578,  103
2579,  109
2580,  103
2581,  109
2582,  103
2583,  109
2584,  109
2585,  109
2586,  109
2587,  109
2588,  109
2589,  109
2590,  109
2591,  109
2592,  109
2593,  109
2594,  109
2595,  109
2596,  109
2597,  103
2598,  103
2599,  107
2600,  103
2601,  103
2602,  109
2603,  103
2604,  103
2605,  107
2606,  103
2607,  103
2608,  109
2609,  109
2610,  103
2611,  103
2612,  109
2613,  109
2614,  109
2615,  109
2616,  103
2617,  109
2618,  109
2619,  109
2620,  109
2621,  109
2622,  109
2623,  109
2624,  109
2625,  109
2626,  109
2627,  103
2628,  103
2629,  103
2630,  103
2631,  103
2632,  103
2633,  103
2634,  103
2635,  103
2636,  109
2637,  109
2638,  103
2639,  103
2640,  103
2641,  103
2642,  103
2643,  103
2644,  103
2645,  103
2646,  109
2647,  103
2648,  109
2649,  103
2650,  109
2651,  103
2652,  109
2653,  109
2654,  109
2655,  109
2656,  109
2657,  109
2658,  103
2659,  103
2660,  103
2661,  103
2662,  109
2663,  103
2664,  103
2665,  103
2666,  103
2667,  103
2668,  103
2669,  103
2670,  103
2671,  109
2672,  109
2673,  109
2674,  109
2675,  109
2676,  103
2677,  109
2678,  103
2679,  109
2680,  109
2681,  103
2682,  103
2683,  103
2684,  109
2685,  103
2686,  103
2687,  103
2688,  103
2689,  103
2690,  109
2691,  109
2692,  109
2693,  109
2694,  109
2695,  109
2696,  109
2697,  109
2698,  109
2699,  109
2700,  109
2701,  109
2702,  103
2703,  109
2704,  103
2705,  103
2706,  109
2707,  109
2708,  109
2709,  109
2710,  103
2711,  103
2712,  103
2713,  103
2714,  103
2715,  109
2716,  103
2717,  103
2718,  103
2719,  103
2720,  103
2721,  109
2722,  109
2723,  103
2724,  109
2725,  103
2726,  103
2727,  109
2728,  109
2729,  109
2730,  109
2731,  109
2732,  103
2733,  109
2734,  109
2735,  109
2736,  103
2737,  109
2738,  109
2739,  109
2740,  109
2741,  109
2742,  109
2743,  109
2744,  103
2745,  103
2746,  103
2747,  103
2748,  103
2749,  109
2750,  103
2751,  103
2752,  103
2753,  103
2754,  103
2755,  109
2756,  103
2757,  109
2758,  109
2759,  109
2760,  109
2761,  109
2762,  109
2763,  109
2764,  109
2765,  109
2766,  109
2767,  103
2768,  103
2769,  109
2770,  103
2771,  103
2772,  103
2773,  103
2774,  109
2775,  109
2776,  109
2777,  103
2778,  103
2779,  103
2780,  103
2781,  109
2782,  109
2783,  109
2784,  109
2785,  109
2786,  109
2787,  109
2788,  109
2789,  109
2790,  109
2791,  103
2792,  103
2793,  1441
2794,  1264
2795,  103
2796,  103
2797,  103
2798,  103
2799,  103
2800,  103
2801,  109
2802,  109
2803,  109
2804,  109
2805,  103
2806,  103
2807,  103
2808,  103
2809,  103
2810,  103
2811,  103
2812,  103
2813,  103
2814,  109
2815,  109
2816,  103
2817,  103
2818,  103
2819,  103
2820,  103
2821,  103
2822,  103
2823,  103
2824,  109
2825,  103
2826,  103
2827,  109
2828,  109
2829,  109
2830,  109
2831,  109
2832,  109
2833,  109
2834,  103
2835,  103
2836,  109
2837,  109
2838,  109
2839,  109
2840,  109
2841,  109
2842,  109
2843,  109
2844,  109
2845,  109
2846,  103
2847,  103
2848,  103
2849,  103
2850,  103
2851,  103
2852,  103
2853,  103
2854,  103
2855,  103
2856,  103
2857,  103
2858,  103
2859,  103
2860,  109
2861,  109
2862,  109
2863,  109
2864,  109
2865,  109
2866,  109
2867,  109
2868,  109
2869,  109
2870,  109
2871,  109
2872,  109
2873,  109
2874,  109
2875,  109
2876,  103
2877,  103
2878,  103
2879,  103
2880,  103
2881,  103
2882,  103
2883,  103
2884,  109
2885,  109
2886,  109
2887,  109
2888,  109
2889,  109
2890,  109
2891,  109
2892,  109
2893,  109
2894,  103
2895,  103
2896,  103
2897,  103
2898,  103
2899,  103
2900,  103
2901,  103
2902,  109
2903,  109
2904,  103
2905,  103
2906,  103
2907,  103
2908,  103
2909,  109
2910,  109
2911,  103
2912,  103
2913,  103
2914,  103
2915,  103
2916,  109
2917,  109
2918,  103
2919,  103
2920,  109
2921,  109
2922,  103
2923,  103
2924,  109
2925,  103
2926,  103
2927,  109
2928,  109
2929,  109
2930,  103
2931,  103
2932,  109
2933,  109
2934,  103
2935,  109
2936,  109
2937,  109
2938,  109
2939,  109
2940,  109
2941,  109
2942,  109
2943,  109
2944,  103
2945,  103
2946,  103
2947,  103
2948,  103
2949,  109
2950,  103
2951,  103
2952,  103
2953,  109
2954,  103
2955,  103
2956,  103
2957,  103
2958,  103
2959,  103
2960,  103
2961,  109
2962,  103
2963,  109
2964,  103
2965,  109
2966,  103
2967,  103
2968,  103
2969,  109
2970,  109
2971,  109
2972,  109
2973,  109
2974,  109
2975,  103
2976,  103
2977,  103
2978,  103
2979,  109
2980,  109
2981,  109
2982,  109
2983,  109
2984,  109
2985,  109
2986,  109
2987,  109
2988,  109
2989,  109
2990,  103
2991,  109
2992,  109
2993,  103
2994,  103
2995,  103
2996,  103
2997,  103
2998,  103
2999,  103
3000,  103
3001,  109
3002,  109
3003,  109
3004,  109
3005,  109
3006,  109
3007,  109
3008,  109
3009,  109
3010,  109
3011,  103
3012,  103
3013,  109
3014,  103
3015,  103
3016,  109
3017,  111
3018,  111
3019,  109
3020,  109
3021,  103
3022,  103
3023,  109
3024,  103
3025,  103
3026,  103
3027,  109
3028,  103
3029,  109
3030,  109
3031,  103
3032,  103
3033,  103
3034,  103
3035,  103
3036,  103
3037,  103
3038,  103
3039,  103
3040,  103
3041,  103
3042,  103
3043,  103
3044,  103
3045,  103
3046,  103
3047,  103
3048,  103
3049,  103
3050,  103
3051,  103
3052,  109
3053,  103
3054,  103
3055,  109
3056,  109
3057,  109
3058,  109
3059,  109
3060,  109
3061,  109
3062,  109
3063,  109
3064,  103
3065,  103
3066,  109
3067,  103
3068,  103
3069,  109
3070,  109
3071,  109
3072,  109
3073,  103
3074,  103
3075,  103
3076,  103
3077,  103
3078,  103
3079,  103
3080,  109
3081,  103
3082,  103
3083,  103
3084,  103
3085,  103
3086,  103
3087,  103
3088,  109
3089,  109
3090,  109
3091,  109
3092,  109
3093,  109
3094,  103
3095,  109
3096,  103
3097,  109
3098,  103
3099,  103
3100,  103
3101,  109
3102,  109
3103,  109
3104,  103
3105,  103
3106,  103
3107,  109
3108,  103
3109,  103
3110,  109
3111,  103
3112,  103
3113,  109
3114,  109
3115,  109
3116,  109
3117,  109
3118,  103
3119,  1441
3120,  1310
3121,  103
3122,  103
3123,  103
3124,  109
3125,  109
3126,  109
3127,  103
3128,  109
3129,  103
3130,  109
3131,  109
3132,  103
3133,  103
3134,  103
3135,  103
3136,  103
3137,  103
3138,  109
3139,  109
3140,  109
3141,  103
3142,  103
3143,  109
3144,  103
3145,  103
3146,  109
3147,  109
3148,  109
3149,  109
3150,  103
3151,  103
3152,  103
3153,  103
3154,  103
3155,  103
3156,  103
3157,  103
3158,  109
3159,  103
3160,  103
3161,  103
3162,  103
3163,  103
3164,  103
3165,  103
3166,  109
3167,  103
3168,  103
3169,  103
3170,  103
3171,  103
3172,  103
3173,  103
3174,  103
3175,  109
3176,  109
3177,  109
3178,  109
3179,  109
3180,  103
3181,  103
3182,  103
3183,  103
3184,  103
3185,  103
3186,  103
3187,  103
3188,  109
3189,  109
3190,  109
3191,  109
3192,  109
3193,  103
3194,  103
3195,  103
3196,  103
3197,  103
3198,  109
3199,  103
3200,  103
3201,  103
3202,  103
3203,  103
3204,  103
3205,  103
3206,  103
3207,  103
3208,  109
3209,  109
3210,  109
3211,  109
3212,  109
3213,  103
3214,  103
3215,  109
3216,  109
3217,  109
3218,  103
3219,  103
3220,  103
3221,  103
3222,  103
3223,  103
3224,  103
3225,  103
3226,  109
3227,  109
3228,  109
3229,  109
3230,  109
3231,  109
3232,  109
3233,  109
3234,  103
3235,  103
3236,  103
3237,  109
3238,  109
3239,  109
3240,  103
3241,  109
3242,  109
3243,  109
3244,  109
3245,  109
3246,  109
3247,  103
3248,  103
3249,  109
3250,  109
3251,  109
3252,  109
3253,  109
3254,  109
3255,  109
3256,  103
3257,  103
3258,  103
3259,  103
3260,  103
3261,  103
3262,  103
3263,  103
3264,  103
3265,  109
3266,  103
3267,  103
3268,  103
3269,  103
3270,  103
3271,  103
3272,  103
3273,  103
3274,  103
3275,  103
3276,  109
3277,  109
3278,  103
3279,  109
3280,  109
3281,  109
3282,  109
3283,  109
3284,  109
3285,  109
3286,  103
3287,  103
3288,  109
3289,  109
3290,  109
3291,  103
3292,  103
3293,  103
3294,  103
3295,  103
3296,  103
3297,  103
3298,  103
3299,  103
3300,  109
3301,  109
3302,  103
3303,  109
3304,  109
3305,  109
3306,  109
3307,  109
3308,  109
3309,  109
3310,  103
3311,  103
3312,  103
3313,  103
3314,  109
3315,  103
3316,  103
3317,  103
3318,  103
3319,  103
3320,  103
3321,  109
3322,  109
3323,  109
3324,  109
3325,  109
3326,  109
3327,  109
3328,  109
3329,  109
3330,  109
3331,  109
3332,  111
3333,  109
3334,  109
3335,  109
3336,  109
3337,  109
3338,  103
3339,  103
3340,  103
3341,  109
3342,  103
3343,  103
3344,  103
3345,  103
3346,  103
3347,  103
3348,  103
3349,  109
3350,  109
3351,  109
3352,  103
3353,  103
3354,  103
3355,  103
3356,  103
3357,  103
3358,  103
3359,  103
3360,  103
3361,  103
3362,  103
3363,  103
3364,  103
3365,  103
3366,  103
3367,  103
3368,  103
3369,  109
3370,  109
3371,  109
3372,  103
3373,  103
3374,  103
3375,  103
3376,  103
3377,  1441
3378,  103
3379,  109
3380,  1441
3381,  191
3382,  103
3383,  103
3384,  103
3385,  103
3386,  103
3387,  103
3388,  103
3389,  103
3390,  103
3391,  103
3392,  103
3393,  103
3394,  109
3395,  109
3396,  109
3397,  109
3398,  109
3399,  109
3400,  109
3401,  109
3402,  109
3403,  109
3404,  109
3405,  109
3406,  109
3407,  109
3408,  109
3409,  103
3410,  103
3411,  103
3412,  103
3413,  103
3414,  103
3415,  103
3416,  103
3417,  103
3418,  103
3419,  103
3420,  103
3421,  103
3422,  103
3423,  109
3424,  109
3425,  109
3426,  109
3427,  109
3428,  109
3429,  109
3430,  109
3431,  109
3432,  109
3433,  103
3434,  103
3435,  103
3436,  103
3437,  103
3438,  103
3439,  109
3440,  109
3441,  109
3442,  109
3443,  109
3444,  103
3445,  103
3446,  109
3447,  109
3448,  109
3449,  109
3450,  109
3451,  103
3452,  103
3453,  109
3454,  109
3455,  103
3456,  109
3457,  109
3458,  109
3459,  109
3460,  109
3461,  109
3462,  109
3463,  109
3464,  109
3465,  109
3466,  103
3467,  103
3468,  103
3469,  103
3470,  103
3471,  103
3472,  103
3473,  103
3474,  103
3475,  103
3476,  103
3477,  103
3478,  103
3479,  103
3480,  103
3481,  103
3482,  109
3483,  109
3484,  109
3485,  109
3486,  109
3487,  109
3488,  109
3489,  109
3490,  109
3491,  109
3492,  109
3493,  109
3494,  109
3495,  109
3496,  109
3497,  109
3498,  109
3499,  109
3500,  109
3501,  109
3502,  103
3503,  103
3504,  103
3505,  103
3506,  103
3507,  103
3508,  103
3509,  103
3510,  103
3511,  109
3512,  109
3513,  103
3514,  103
3515,  103
3516,  103
3517,  103
3518,  103
3519,  103
3520,  103
3521,  103
3522,  109
3523,  103
3524,  103
3525,  103
3526,  103
3527,  109
3528,  109
3529,  109
3530,  109
3531,  109
3532,  109
3533,  109
3534,  109
3535,  109
3536,  109
3537,  109
3538,  109
3539,  109
3540,  109
3541,  103
3542,  103
3543,  103
3544,  107
3545,  103
3546,  109
3547,  109
3548,  109
3549,  109
3550,  109
3551,  109
3552,  109
3553,  109
3554,  109
3555,  109
3556,  109
3557,  109
3558,  109
3559,  103
3560,  103
3561,  103
3562,  107
3563,  109
3564,  103
3565,  103
3566,  109
3567,  103
3568,  103
3569,  103
3570,  103
3571,  103
3572,  103
3573,  103
3574,  109
3575,  109
3576,  109
3577,  109
3578,  109
3579,  111
3580,  109
3581,  109
3582,  109
3583,  103
3584,  103
3585,  109
3586,  109
3587,  109
3588,  103
3589,  103
3590,  103
3591,  109
3592,  109
3593,  109
3594,  109
3595,  109
3596,  109
3597,  109
3598,  109
3599,  109
3600,  109
3601,  109
3602,  109
3603,  109
3604,  109
3605,  109
3606,  103
3607,  103
3608,  103
3609,  103
3610,  103
3611,  103
3612,  103
3613,  103
3614,  103
3615,  103
3616,  103
3617,  103
3618,  109
3619,  103
3620,  103
3621,  103
3622,  103
3623,  103
3624,  103
3625,  103
3626,  103
3627,  103
3628,  103
3629,  103
3630,  103
3631,  103
3632,  109
3633,  103
3634,  109
3635,  109
3636,  109
3637,  103
3638,  109
3639,  109
3640,  103
3641,  109
3642,  109
3643,  109
3644,  109
3645,  103
3646,  103
3647,  103
3648,  103
3649,  109
3650,  109
3651,  103
3652,  103
3653,  103
3654,  103
3655,  109
3656,  109
3657,  109
3658,  109
3659,  109
3660,  109
3661,  103
3662,  109
3663,  103
3664,  109
3665,  109
3666,  109
3667,  109
3668,  109
3669,  109
3670,  109
3671,  109
3672,  109
3673,  109
3674,  109
3675,  109
3676,  109
3677,  109
3678,  109
3679,  109
3680,  109
3681,  109
3682,  109
3683,  109
3684,  109
3685,  109
3686,  109
3687,  103
3688,  103
3689,  103
3690,  107
3691,  103
3692,  103
3693,  103
3694,  109
3695,  109
3696,  103
3697,  103
3698,  103
3699,  103
3700,  103
3701,  103
3702,  103
3703,  103
3704,  103
3705,  103
3706,  109
3707,  109
3708,  103
3709,  103
3710,  109
3711,  103
3712,  107
3713,  109
3714,  107
3715,  103
3716,  103
3717,  103
3718,  103
3719,  109
3720,  103
3721,  103
3722,  103
3723,  103
3724,  103
3725,  103
3726,  103
3727,  103
3728,  109
3729,  109
3730,  103
3731,  1441
3732,  1441
3733,  409
3734,  103
3735,  109
3736,  109
3737,  109
3738,  109
3739,  103
3740,  103
3741,  103
3742,  109
3743,  109
3744,  109
3745,  109
3746,  109
3747,  109
3748,  109
3749,  109
3750,  109
3751,  109
3752,  109
3753,  103
3754,  103
3755,  103
3756,  103
3757,  103
3758,  103
3759,  103
3760,  103
3761,  103
3762,  103
3763,  103
3764,  103
3765,  103
3766,  103
3767,  111
3768,  1441
3769,  1441
3770,  392
3771,  91
3772,  91
3773,  111
3774,  1441
3775,  1441
3776,  384
3777,  639
3778,  111
3779,  119
3780,  155
3781,  124
3782,  135
3783,  254
3784,  1441
3785,  1249
3786,  145
3787,  130
3788,  111
3789,  119
3790,  130
3791,  115
3792,  139
3793,  139
3794,  139
3795,  139
3796,  115
3797,  128
3798,  120
3799,  120
3800,  344
3801,  110
3802,  107
3803,  202
3804,  130
3805,  119
3806,  111
3807,  119
3808,  111
3809,  144
3810,  1441
3811,  1441
3812,  127
3813,  127
3814,  1441
3815,  119
3816,  1441
3817,  1441
3818,  417
3819,  1441
3820,  1441
3821,  1441
3822,  563
3823,  111
3824,  111
3825,  111
3826,  493
3827,  130
3828,  119
3829,  234
3830,  174
3831,  430
3832,  198
3833,  115
3834,  109
3835,  109
3836,  109
3837,  109
3838,  109
3839,  109
3840,  109
3841,  109
3842,  109
3843,  109
3844,  109
3845,  109
3846,  109
3847,  109
3848,  109
3849,  109
3850,  109
3851,  109
3852,  103
3853,  103
3854,  103
3855,  103
3856,  109
3857,  109
3858,  109
3859,  103
3860,  103
3861,  103
3862,  103
3863,  109
3864,  109
3865,  109
3866,  109
3867,  109
3868,  109
3869,  109
3870,  109
3871,  109
3872,  109
3873,  109
3874,  103
3875,  103
3876,  103
3877,  103
3878,  103
3879,  103
3880,  103
3881,  103
3882,  103
3883,  103
3884,  103
3885,  103
3886,  103
3887,  103
3888,  103
3889,  103
3890,  103
3891,  103
3892,  103
3893,  103
3894,  103
3895,  103
3896,  103
3897,  103
3898,  109
3899,  109
3900,  109
3901,  109
3902,  109
3903,  109
3904,  109
3905,  109
3906,  109
3907,  109
3908,  103
3909,  109
3910,  103
3911,  109
3912,  109
3913,  109
3914,  109
3915,  109
3916,  109
3917,  109
3918,  109
3919,  109
3920,  109
3921,  109
3922,  109
3923,  109
3924,  109
3925,  109
3926,  109
3927,  109
3928,  109
3929,  109
3930,  109
3931,  109
3932,  109
3933,  109
3934,  109
3935,  109
3936,  109
3937,  109
3938,  109
3939,  109
3940,  109
3941,  109
3942,  109
3943,  109
3944,  109
3945,  109
3946,  109
3947,  109
3948,  109
3949,  109
3950,  109
3951,  109
3952,  109
3953,  109
3954,  109
3955,  109
3956,  109
3957,  109
3958,  109
3959,  109
3960,  109
3961,  109
3962,  109
3963,  109
3964,  109
3965,  109
3966,  109
3967,  109
3968,  109
3969,  109
3970,  109
3971,  109
3972,  109
3973,  109
3974,  109
3975,  109
3976,  109
3977,  109
3978,  109
3979,  109
3980,  109
3981,  109
3982,  109
3983,  109
3984,  109
3985,  109
3986,  109
3987,  109
3988,  109
3989,  109
3990,  109
3991,  109
3992,  109
3993,  109
3994,  109
3995,  109
3996,  109
3997,  109
3998,  109
3999,  109
4000,  109
4001,  109
4002,  109
4003,  109
4004,  109
4005,  109
4006,  109
4007,  103
4008,  103
4009,  103
4010,  103
4011,  103
4012,  103
4013,  103
4014,  103
4015,  103
4016,  103
4017,  103
4018,  107
4019,  103
4020,  103
4021,  103
4022,  103
4023,  103
4024,  103
4025,  103
4026,  103
4027,  103
4028,  103
4029,  103
4030,  103
4031,  103
4032,  103
4033,  103
4034,  103
4035,  103
4036,  103
4037,  103
4038,  103
4039,  103
4040,  103
4041,  107
4042,  103
4043,  103
4044,  103
4045,  103
4046,  103
4047,  103
4048,  103
4049,  103
4050,  103
4051,  103
4052,  109
4053,  103
4054,  103
4055,  103
4056,  109
4057,  109
4058,  109
4059,  109
4060,  109
4061,  103
4062,  103
4063,  103
4064,  103
4065,  103
4066,  103
4067,  103
4068,  103
4069,  103
4070,  103
4071,  103
4072,  103
4073,  103
4074,  103
4075,  103
4076,  103
4077,  103
4078,  103
4079,  103
4080,  103
4081,  103
4082,  103
4083,  109
4084,  109
4085,  109
4086,  103
4087,  103
4088,  109
4089,  109
4090,  109
4091,  109
4092,  103
4093,  103
4094,  103
4095,  103
4096,  103
4097,  103
4098,  103
4099,  103
4100,  103
4101,  103
4102,  103
4103,  103
4104,  103
4105,  103
4106,  103
4107,  103
4108,  103
4109,  103
4110,  109
4111,  103
4112,  109
4113,  103
4114,  103
4115,  109
4116,  109
4117,  109
4118,  109
4119,  109
4120,  109
4121,  109
4122,  109
4123,  109
4124,  109
4125,  109
4126,  109
4127,  109
4128,  103
4129,  103
4130,  103
4131,  103
4132,  103
4133,  103
4134,  103
4135,  103
4136,  103
4137,  103
4138,  103
4139,  103
4140,  103
4141,  103
4142,  103
4143,  103
4144,  103
4145,  109
4146,  109
4147,  103
4148,  103
4149,  109
4150,  103
4151,  103
4152,  103
4153,  103
4154,  103
4155,  103
4156,  103
4157,  103
4158,  103
4159,  109
4160,  103
4161,  103
4162,  103
4163,  103
4164,  103
4165,  103
4166,  109
4167,  109
4168,  109
4169,  103
4170,  103
4171,  103
4172,  109
4173,  103
4174,  103
4175,  109
4176,  103
4177,  109
4178,  103
4179,  109
4180,  103
4181,  103
4182,  103
4183,  103
4184,  103
4185,  103
4186,  103
4187,  109
4188,  103
4189,  103
4190,  103
4191,  109
4192,  109
4193,  109
4194,  109
4195,  109
4196,  109
4197,  109
4198,  109
4199,  109
4200,  109
4201,  109
4202,  109
4203,  109
4204,  109
4205,  103
4206,  103
4207,  103
4208,  103
4209,  103
4210,  103
4211,  103
4212,  109
4213,  109
4214,  103
4215,  103
4216,  103
4217,  103
4218,  103
4219,  103
4220,  109
4221,  103
4222,  109
4223,  109
4224,  109
4225,  103
4226,  103
4227,  109
4228,  109
4229,  103
4230,  109
4231,  109
4232,  109
4233,  109
4234,  109
4235,  103
4236,  103
4237,  103
4238,  103
4239,  109
4240,  103
4241,  103
4242,  103
4243,  103
4244,  109
4245,  109
4246,  103
4247,  109
4248,  109
4249,  109
4250,  109
4251,  109
4252,  109
4253,  109
4254,  109
4255,  103
4256,  103
4257,  109
4258,  109
4259,  103
4260,  103
4261,  109
4262,  109
4263,  109
4264,  109
4265,  109
4266,  109
4267,  109
4268,  109
4269,  109
4270,  109
4271,  109
4272,  109
4273,  109
4274,  109
4275,  109
4276,  103
4277,  109
4278,  103
4279,  103
4280,  103
4281,  109
4282,  109
4283,  109
4284,  109
4285,  109
4286,  109
4287,  109
4288,  109
4289,  103
4290,  103
4291,  103
4292,  103
4293,  103
4294,  103
4295,  103
4296,  103
4297,  103
4298,  103
4299,  103
4300,  103
4301,  103
4302,  103
4303,  109
4304,  109
4305,  103
4306,  103
4307,  103
4308,  103
4309,  103
4310,  103
4311,  103
4312,  103
4313,  103
4314,  103
4315,  103
4316,  109
4317,  109
4318,  109
4319,  103
4320,  103
4321,  103
4322,  103
4323,  103
4324,  103
4325,  109
4326,  109
4327,  109
4328,  109
4329,  109
4330,  109
4331,  109
4332,  109
4333,  109
4334,  103
4335,  103
4336,  103
4337,  109
4338,  109
4339,  109
4340,  103
4341,  109
4342,  103
4343,  103
4344,  109
4345,  109
4346,  109
4347,  109
4348,  109
4349,  109
4350,  109
4351,  103
4352,  103
4353,  109
4354,  109
4355,  103
4356,  103
4357,  103
4358,  103
4359,  103
4360,  103
4361,  103
4362,  109
4363,  109
4364,  109
4365,  109
4366,  109
4367,  109
4368,  109
4369,  103
4370,  109
4371,  109
4372,  103
4373,  109
4374,  109
4375,  109
4376,  103
4377,  103
4378,  103
4379,  109
4380,  109
4381,  109
4382,  109
4383,  103
4384,  103
4385,  109
4386,  103
4387,  103
4388,  103
4389,  109
4390,  109
4391,  109
4392,  109
4393,  103
4394,  103
4395,  103
4396,  103
4397,  109
4398,  103
4399,  103
4400,  103
4401,  103
4402,  103
4403,  103
4404,  109
4405,  103
4406,  103
4407,  103
4408,  109
4409,  103
4410,  109
4411,  109
4412,  103
4413,  109
4414,  109
4415,  109
4416,  103
4417,  109
4418,  109
4419,  103
4420,  109
4421,  109
4422,  109
4423,  109
4424,  109
4425,  109
4426,  109
4427,  109
4428,  109
4429,  109
4430,  109
4431,  109
4432,  109
4433,  109
4434,  109
4435,  109
4436,  109
4437,  109
4438,  109
4439,  109
4440,  109
4441,  109
4442,  109
4443,  109
4444,  109
4445,  109
4446,  109
4447,  109
4448,  109
4449,  109
4450,  109
4451,  109
4452,  109
4453,  639
4454,  109
4455,  109
4456,  109
4457,  109
4458,  109
4459,  109
4460,  109
4461,  109
4462,  109
4463,  109
4464,  109
4465,  109
4466,  109
4467,  109
4468,  109
4469,  103
4470,  103
4471,  103
4472,  103
4473,  103
4474,  103
4475,  103
4476,  109
4477,  103
4478,  109
4479,  103
4480,  103
4481,  103
4482,  103
4483,  103
4484,  103
4485,  109
4486,  109
4487,  103
4488,  103
4489,  103
4490,  103
4491,  103
4492,  103
4493,  103
4494,  103
4495,  103
4496,  103
4497,  103
4498,  103
4499,  103
4500,  103
4501,  103
4502,  103
4503,  103
4504,  103
4505,  103
4506,  103
4507,  103
4508,  103
4509,  103
4510,  103
4511,  103
4512,  109
4513,  109
4514,  103
4515,  109
4516,  103
4517,  103
4518,  103
4519,  103
4520,  103
4521,  109
4522,  109
4523,  109
4524,  109
4525,  109
4526,  109
4527,  109
4528,  109
4529,  109
4530,  109
4531,  109
4532,  109
4533,  109
4534,  109
4535,  103
4536,  103
4537,  103
4538,  103
4539,  109
4540,  103
4541,  103
4542,  103
4543,  103
4544,  109
4545,  103
4546,  103
4547,  103
4548,  103
4549,  109
4550,  109
4551,  109
4552,  109
4553,  109
4554,  103
4555,  103
4556,  103
4557,  109
4558,  109
4559,  109
4560,  109
4561,  109
4562,  109
4563,  109
4564,  109
4565,  109
4566,  109
4567,  109
4568,  109
4569,  109
4570,  109
4571,  109
4572,  109
4573,  109
4574,  109
4575,  109
4576,  109
4577,  109
4578,  109
4579,  109
4580,  109
4581,  109
4582,  103
4583,  103
4584,  103
4585,  103
4586,  103
4587,  103
4588,  103
4589,  103
4590,  103
4591,  103
4592,  103
4593,  103
4594,  103
4595,  103
4596,  103
4597,  103
4598,  103
4599,  103
4600,  103
4601,  103
4602,  103
4603,  103
4604,  103
4605,  103
4606,  103
4607,  103
4608,  103
4609,  103
4610,  103
4611,  109
4612,  109
4613,  109
4614,  109
4615,  109
4616,  109
4617,  109
4618,  109
4619,  109
4620,  109
4621,  109
4622,  109
4623,  109
4624,  109
4625,  109
4626,  109
4627,  109
4628,  109
4629,  103
4630,  103
4631,  109
4632,  103
4633,  109
4634,  109
4635,  109
4636,  109
4637,  103
4638,  103
4639,  103
4640,  103
4641,  103
4642,  103
4643,  103
4644,  103
4645,  103
4646,  103
4647,  103
4648,  103
4649,  103
4650,  103
4651,  109
4652,  109
4653,  109
4654,  103
4655,  103
4656,  103
4657,  103
4658,  109
4659,  103
4660,  109
4661,  103
4662,  103
4663,  103
4664,  103
4665,  107
4666,  198
4667,  198
4668,  115
4669,  115
4670,  103
4671,  103
4672,  103
4673,  103
4674,  366
4675,  366
4676,  366
4677,  366
4678,  539
4679,  539
4680,  539
4681,  539
4682,  539
4683,  111
4684,  320
4685,  320
4686,  119
4687,  139
4688,  91
4689,  109
4690,  91
4691,  91
4692,  109
4693,  109
4694,  147
4695,  147
4696,  91
4697,  139
4698,  603
4699,  123
4700,  115
4701,  1563
4702,  1563
4703,  1563
4704,  1563
4705,  6453
4706,  386
4707,  448
4708,  115
4709,  146
4710,  115
4711,  123
4712,  115
4713,  115
4714,  115
4715,  1563
4716,  1563
4717,  1563
4718,  1563
4719,  6453
4720,  386
4721,  448
4722,  115
4723,  146
4724,  115
4725,  150
4726,  115
4727,  115
4728,  598
4729,  584
4730,  91
4731,  115
4732,  115
4733,  115
4734,  115
4735,  103
4736,  103
4737,  139
4738,  103
4739,  103
4740,  366
4741,  366
4742,  366
4743,  366
4744,  366
4745,  107
4746,  115
4747,  115
4748,  115
4749,  115
4750,  115
4751,  107
4752,  107
4753,  107
4754,  105
4755,  105
4756,  103
4757,  639
4758,  107
4759,  103
4760,  107
4761,  127
4762,  107
4763,  91
4764,  91
4765,  111
4766,  115
4767,  115
4768,  115
4769,  115
4770,  107
4771,  115
4772,  107
4773,  389
4774,  167
4775,  167
4776,  167
4777,  107
4778,  135
4779,  135
4780,  103
4781,  76
4782,  103
4783,  107
4784,  109
4785,  107
4786,  107
4787,  91
4788,  91
4789,  134
4790,  169
4791,  109
4792,  109
4793,  109
4794,  109
4795,  109
4796,  109
4797,  109
4798,  109
4799,  109
4800,  103
4801,  103
4802,  103
4803,  103
4804,  103
4805,  103
4806,  103
4807,  103
4808,  103
4809,  103
4810,  103
4811,  109
4812,  109
4813,  109
4814,  103
4815,  103
4816,  103
4817,  103
4818,  103
4819,  103
4820,  109
4821,  109
4822,  109
4823,  109
4824,  103
4825,  109
4826,  109
4827,  109
4828,  103
4829,  103
4830,  103
4831,  103
4832,  109
4833,  109
4834,  103
4835,  103
4836,  103
4837,  109
4838,  109
4839,  109
4840,  109
4841,  109
4842,  109
4843,  109
4844,  109
4845,  109
4846,  109
4847,  109
4848,  109
4849,  109
4850,  103
4851,  103
4852,  103
4853,  103
4854,  103
4855,  103
4856,  103
4857,  109
4858,  103
4859,  103
4860,  103
4861,  103
4862,  103
4863,  103
4864,  103
4865,  103
4866,  103
4867,  103
4868,  103
4869,  103
4870,  103
4871,  103
4872,  103
4873,  109
4874,  103
4875,  103
4876,  109
4877,  103
4878,  109
4879,  109
4880,  109
4881,  103
4882,  109
4883,  103
4884,  109
4885,  103
4886,  109
4887,  109
4888,  109
4889,  109
4890,  109
4891,  109
4892,  109
4893,  103
4894,  109
4895,  109
4896,  103
4897,  109
4898,  109
4899,  109
4900,  109
4901,  103
4902,  103
4903,  103
4904,  103
4905,  109
4906,  109
4907,  103
4908,  103
4909,  103
4910,  103
4911,  103
4912,  109
4913,  109
4914,  103
4915,  103
4916,  109
4917,  109
4918,  103
4919,  109
4920,  109
4921,  103
4922,  109
4923,  109
4924,  109
4925,  109
4926,  109
4927,  109
4928,  103
4929,  103
4930,  103
4931,  103
4932,  103
4933,  103
4934,  109
4935,  109
4936,  109
4937,  103
4938,  103
4939,  103
4940,  103
4941,  109
4942,  109
4943,  109
4944,  103
4945,  103
4946,  103
4947,  103
4948,  109
4949,  109
4950,  109
4951,  109
4952,  109
4953,  103
4954,  109
4955,  103
4956,  109
4957,  109
4958,  103
4959,  109
4960,  103
4961,  109
4962,  109
4963,  109
4964,  109
4965,  103
4966,  103
4967,  103
4968,  103
4969,  109
4970,  109
4971,  103
4972,  103
4973,  103
4974,  103
4975,  109
4976,  103
4977,  109
4978,  109
4979,  103
4980,  103
4981,  103
4982,  109
4983,  109
4984,  109
4985,  109
4986,  109
4987,  109
4988,  109
4989,  109
4990,  103
4991,  103
4992,  103
4993,  103
4994,  103
4995,  103
4996,  103
4997,  109
4998,  109
4999,  109
5000,  109
5001,  103
5002,  103
5003,  109
5004,  109
5005,  109
5006,  103
5007,  109
5008,  103
5009,  109
5010,  103
5011,  103
5012,  103
5013,  109
5014,  103
5015,  103
5016,  103
5017,  109
5018,  109
5019,  109
5020,  103
5021,  109
5022,  109
5023,  103
5024,  109
5025,  109
5026,  103
5027,  109
5028,  109
5029,  109
5030,  109
5031,  109
5032,  103
5033,  103
5034,  103
5035,  103
5036,  109
5037,  103
5038,  103
5039,  103
5040,  103
5041,  109
5042,  109
5043,  109
5044,  109
5045,  109
5046,  109
5047,  109
5048,  109
5049,  109
5050,  109
5051,  109
5052,  109
5053,  109
5054,  109
5055,  109
5056,  103
5057,  103
5058,  103
5059,  103
5060,  103
5061,  103
5062,  103
5063,  103
5064,  109
5065,  103
5066,  109
5067,  109
5068,  103
5069,  103
5070,  103
5071,  103
5072,  103
5073,  103
5074,  103
5075,  109
5076,  109
5077,  103
5078,  103
5079,  103
5080,  109
5081,  109
5082,  103
5083,  109
5084,  109
5085,  109
5086,  109
5087,  109
5088,  109
5089,  103
5090,  109
5091,  103
5092,  103
5093,  103
5094,  103
5095,  103
5096,  109
5097,  103
5098,  103
5099,  109
5100,  103
5101,  103
5102,  103
5103,  103
5104,  109
5105,  103
5106,  103
5107,  109
5108,  103
5109,  109
5110,  109
5111,  109
5112,  109
5113,  109
5114,  109
5115,  109
5116,  103
5117,  103
5118,  103
5119,  109
5120,  103
5121,  103
5122,  103
5123,  109
5124,  109
5125,  109
5126,  103
5127,  109
5128,  109
5129,  109
5130,  109
5131,  103
5132,  103
5133,  103
5134,  109
5135,  109
5136,  109
5137,  109
5138,  109
5139,  109
5140,  109
5141,  109
5142,  109
5143,  103
5144,  109
5145,  109
5146,  103
5147,  103
5148,  109
5149,  109
5150,  109
5151,  109
5152,  109
5153,  103
5154,  103
5155,  103
5156,  103
5157,  103
5158,  103
5159,  103
5160,  103
5161,  103
5162,  103
5163,  103
5164,  103
5165,  103
5166,  103
5167,  103
5168,  103
5169,  103
5170,  109
5171,  109
5172,  109
5173,  109
5174,  109
5175,  109
5176,  109
5177,  103
5178,  103
5179,  103
5180,  109
5181,  109
5182,  109
5183,  103
5184,  109
5185,  109
5186,  109
5187,  109
5188,  109
5189,  103
5190,  103
5191,  109
5192,  109
5193,  109
5194,  109
5195,  109
5196,  109
5197,  103
5198,  103
5199,  103
5200,  103
5201,  103
5202,  103
5203,  103
5204,  103
5205,  103
5206,  103
5207,  103
5208,  103
5209,  103
5210,  103
5211,  103
5212,  109
5213,  109
5214,  109
5215,  109
5216,  109
5217,  109
5218,  109
5219,  109
5220,  109
5221,  103
5222,  103
5223,  109
5224,  109
5225,  109
5226,  109
5227,  109
5228,  109
5229,  109
5230,  109
5231,  109
5232,  109
5233,  109
5234,  109
5235,  109
5236,  109
5237,  109
5238,  109
5239,  109
5240,  109
5241,  109
5242,  109
5243,  109
5244,  109
5245,  109
5246,  109
5247,  109
5248,  109
5249,  109
5250,  109
5251,  109
5252,  109
5253,  109
5254,  109
5255,  109
5256,  109
5257,  109
5258,  109
5259,  109
5260,  109
5261,  109
5262,  109
5263,  109
5264,  109
5265,  103
5266,  103
5267,  103
5268,  103
5269,  103
5270,  103
5271,  103
5272,  103
5273,  103
5274,  103
5275,  103
5276,  103
5277,  103
5278,  103
5279,  103
5280,  103
5281,  103
5282,  103
5283,  103
5284,  103
5285,  103
5286,  103
5287,  103
5288,  109
5289,  109
5290,  103
5291,  103
5292,  103
5293,  109
5294,  103
5295,  103
5296,  103
5297,  103
5298,  103
5299,  103
5300,  103
5301,  103
5302,  103
5303,  109
5304,  103
5305,  103
5306,  103
5307,  103
5308,  103
5309,  103
5310,  109
5311,  103
5312,  103
5313,  103
5314,  103
5315,  103
5316,  109
5317,  109
5318,  109
5319,  109
5320,  109
5321,  109
5322,  109
5323,  109
5324,  109
5325,  103
5326,  103
5327,  103
5328,  103
5329,  103
5330,  103
5331,  103
5332,  103
5333,  103
5334,  103
5335,  103
5336,  109
5337,  109
5338,  109
5339,  109
5340,  103
5341,  103
5342,  115
5343,  103
5344,  103
5345,  103
5346,  103
5347,  103
5348,  103
5349,  109
5350,  109
5351,  109
5352,  109
5353,  109
5354,  109
5355,  109
5356,  109
5357,  109
5358,  109
5359,  109
5360,  109
5361,  109
5362,  109
5363,  103
5364,  103
5365,  103
5366,  103
5367,  103
5368,  103
5369,  103
5370,  103
5371,  103
5372,  103
5373,  103
5374,  103
5375,  103
5376,  103
5377,  103
5378,  103
5379,  103
5380,  103
5381,  109
5382,  109
5383,  109
5384,  109
5385,  109
5386,  109
5387,  109
5388,  109
5389,  109
5390,  109
5391,  109
5392,  109
5393,  109
5394,  109
5395,  109
5396,  109
5397,  103
5398,  103
5399,  103
5400,  103
5401,  103
5402,  103
5403,  103
5404,  109
5405,  109
5406,  109
5407,  103
5408,  103
5409,  103
5410,  103
5411,  103
5412,  109
5413,  109
5414,  109
5415,  109
5416,  103
5417,  103
5418,  103
5419,  109
5420,  103
5421,  103
5422,  103
5423,  109
5424,  103
5425,  103
5426,  103
5427,  103
5428,  109
5429,  109
5430,  103
5431,  109
5432,  109
5433,  103
5434,  103
5435,  103
5436,  109
5437,  109
5438,  103
5439,  103
5440,  103
5441,  103
5442,  103
5443,  109
5444,  103
5445,  103
5446,  109
5447,  109
5448,  109
5449,  109
5450,  109
5451,  109
5452,  109
5453,  109
5454,  109
5455,  103
5456,  103
5457,  103
5458,  103
5459,  103
5460,  103
5461,  103
5462,  109
5463,  109
5464,  109
5465,  109
5466,  109
5467,  109
5468,  109
5469,  109
5470,  109
5471,  109
5472,  109
5473,  109
5474,  109
5475,  109
5476,  109
5477,  109
5478,  103
5479,  103
5480,  103
5481,  103
5482,  103
5483,  103
5484,  103
5485,  103
5486,  103
5487,  103
5488,  103
5489,  103
5490,  103
5491,  109
5492,  109
5493,  109
5494,  109
5495,  109
5496,  109
5497,  109
5498,  109
5499,  109
5500,  109
5501,  109
5502,  109
5503,  109
5504,  109
5505,  109
5506,  109
5507,  103
5508,  103
5509,  103
5510,  103
5511,  103
5512,  103
5513,  103
5514,  109
5515,  103
5516,  103
5517,  103
5518,  103
5519,  103
5520,  103
5521,  103
5522,  109
5523,  109
5524,  109
5525,  109
5526,  109
5527,  103
5528,  109
5529,  109
5530,  109
5531,  109
5532,  109
5533,  109
5534,  109
5535,  103
5536,  103
5537,  103
5538,  103
5539,  103
5540,  109
5541,  103
5542,  103
5543,  103
5544,  103
5545,  103
5546,  109
5547,  109
5548,  103
5549,  103
5550,  109
5551,  109
5552,  109
5553,  109
5554,  109
5555,  109
5556,  109
5557,  103
5558,  103
5559,  103
5560,  103
5561,  109
5562,  103
5563,  103
5564,  103
5565,  103
5566,  109
5567,  109
5568,  109
5569,  109
5570,  109
5571,  109
5572,  109
5573,  103
5574,  109
5575,  103
5576,  103
5577,  109
5578,  109
5579,  109
5580,  109
5581,  103
5582,  103
5583,  103
5584,  103
5585,  109
5586,  109
5587,  103
5588,  103
5589,  103
5590,  103
5591,  109
5592,  103
5593,  103
5594,  109
5595,  103
5596,  103
5597,  109
5598,  109
5599,  103
5600,  109
5601,  109
5602,  109
5603,  109
5604,  103
5605,  109
5606,  109
5607,  109
5608,  109
5609,  109
5610,  109
5611,  103
5612,  109
5613,  109
5614,  109
5615,  109
5616,  109
5617,  109
5618,  109
5619,  109
5620,  109
5621,  109
5622,  109
5623,  109
5624,  109
5625,  103
5626,  103
5627,  103
5628,  103
5629,  103
5630,  103
5631,  103
5632,  103
5633,  103
5634,  103
5635,  103
5636,  103
5637,  103
5638,  103
5639,  103
5640,  103
5641,  103
5642,  103
5643,  103
5644,  103
5645,  103
5646,  103
5647,  109
5648,  109
5649,  109
5650,  109
5651,  109
5652,  109
5653,  109
5654,  109
5655,  109
5656,  109
5657,  109
5658,  109
5659,  109
5660,  109
5661,  103
5662,  103
5663,  103
5664,  103
5665,  109
5666,  109
5667,  103
5668,  103
5669,  103
5670,  103
5671,  109
5672,  109
5673,  109
5674,  109
5675,  109
5676,  109
5677,  103
5678,  103
5679,  109
5680,  109
5681,  109
5682,  109
5683,  103
5684,  103
5685,  109
5686,  109
5687,  109
5688,  103
5689,  103
5690,  103
5691,  103
5692,  103
5693,  109
5694,  103
5695,  103
5696,  103
5697,  103
5698,  103
5699,  103
5700,  109
5701,  103
5702,  109
5703,  109
5704,  103
5705,  103
5706,  109
5707,  109
5708,  109
5709,  109
5710,  109
5711,  109
5712,  109
5713,  109
5714,  109
5715,  109
5716,  109
5717,  109
5718,  109
5719,  109
5720,  109
5721,  109
5722,  109
5723,  109
5724,  109
5725,  109
5726,  109
5727,  109
5728,  109
5729,  109
5730,  109
5731,  109
5732,  109
5733,  109
5734,  109
5735,  109
5736,  103
5737,  103
5738,  103
5739,  103
5740,  103
5741,  103
5742,  103
5743,  103
5744,  103
5745,  103
5746,  103
5747,  103
5748,  103
5749,  109
5750,  109
5751,  103
5752,  103
5753,  103
5754,  103
5755,  103
5756,  103
5757,  103
5758,  103
5759,  103
5760,  103
5761,  103
5762,  103
5763,  103
5764,  103
5765,  103
5766,  109
5767,  109
5768,  109
5769,  109
5770,  109
5771,  109
5772,  109
5773,  109
5774,  109
5775,  103
5776,  109
5777,  103
5778,  109
5779,  109
5780,  109
5781,  109
5782,  109
5783,  109
5784,  109
5785,  109
5786,  109
5787,  109
5788,  109
5789,  109
5790,  109
5791,  109
5792,  109
5793,  109
5794,  109
5795,  103
5796,  103
5797,  103
5798,  103
5799,  103
5800,  103
5801,  103
5802,  103
5803,  103
5804,  103
5805,  103
5806,  103
5807,  103
5808,  103
5809,  103
5810,  103
5811,  103
5812,  103
5813,  103
5814,  103
5815,  103
5816,  103
5817,  109
5818,  109
5819,  109
5820,  109
5821,  109
5822,  109
5823,  109
5824,  109
5825,  109
5826,  109
5827,  109
5828,  109
5829,  109
5830,  109
5831,  109
5832,  109
5833,  109
5834,  109
5835,  109
5836,  109
5837,  109
5838,  109
5839,  109
5840,  109
5841,  103
5842,  103
5843,  103
5844,  109
5845,  103
5846,  109
5847,  103
5848,  109
5849,  109
5850,  109
5851,  109
5852,  103
5853,  103
5854,  103
5855,  103
5856,  103
5857,  103
5858,  103
5859,  103
5860,  103
5861,  103
5862,  103
5863,  103
5864,  103
5865,  103
5866,  103
5867,  103
5868,  103
5869,  103
5870,  103
5871,  103
5872,  103
5873,  103
5874,  103
5875,  103
5876,  103
5877,  103
5878,  103
5879,  103
5880,  103
5881,  103
5882,  103
5883,  109
5884,  109
5885,  109
5886,  109
5887,  109
5888,  103
5889,  103
5890,  109
5891,  109
5892,  109
5893,  109
5894,  109
5895,  109
5896,  109
5897,  109
5898,  109
5899,  109
5900,  109
5901,  103
5902,  103
5903,  103
5904,  109
5905,  109
5906,  109
5907,  109
5908,  109
5909,  103
5910,  103
5911,  103
5912,  103
5913,  103
5914,  103
5915,  103
5916,  103
5917,  103
5918,  103
5919,  109
5920,  109
5921,  109
5922,  109
5923,  109
5924,  109
5925,  109
5926,  109
5927,  109
5928,  109
5929,  109
5930,  103
5931,  103
5932,  103
5933,  109
5934,  103
5935,  103
5936,  103
5937,  103
5938,  109
5939,  109
5940,  109
5941,  109
5942,  109
5943,  109
5944,  109
5945,  109
5946,  109
5947,  109
5948,  109
5949,  109
5950,  109
5951,  103
5952,  103
5953,  103
5954,  109
5955,  109
5956,  103
5957,  103
5958,  103
5959,  103
5960,  103
5961,  103
5962,  103
5963,  103
5964,  109
5965,  103
5966,  109
5967,  109
5968,  109
5969,  109
5970,  109
5971,  103
5972,  103
5973,  103
5974,  103
5975,  109
5976,  103
5977,  103
5978,  109
5979,  103
5980,  103
5981,  109
5982,  103
5983,  109
5984,  109
5985,  103
5986,  103
5987,  109
5988,  109
5989,  103
5990,  109
5991,  103
5992,  109
5993,  109
5994,  109
5995,  109
5996,  109
5997,  109
5998,  109
5999,  109
6000,  103
6001,  103
6002,  103
6003,  103
6004,  103
6005,  109
6006,  109
6007,  109
6008,  109
6009,  109
6010,  109
6011,  109
6012,  109
6013,  109
6014,  109
6015,  103
6016,  103
6017,  103
6018,  103
6019,  103
6020,  103
6021,  103
6022,  109
6023,  109
6024,  103
6025,  103
6026,  103
6027,  103
6028,  103
6029,  109
6030,  109
6031,  109
6032,  109
6033,  103
6034,  103
6035,  109
6036,  109
6037,  103
6038,  103
6039,  109
6040,  109
6041,  109
6042,  109
6043,  109
6044,  103
6045,  103
6046,  103
6047,  103
6048,  109
6049,  109
6050,  109
6051,  103
6052,  103
6053,  103
6054,  103
6055,  103
6056,  103
6057,  109
6058,  103
6059,  103
6060,  103
6061,  103
6062,  103
6063,  103
6064,  103
6065,  103
6066,  103
6067,  103
6068,  103
6069,  109
6070,  109
6071,  109
6072,  109
6073,  109
6074,  109
6075,  109
6076,  109
6077,  109
6078,  109
6079,  109
6080,  109
6081,  109
6082,  109
6083,  109
6084,  109
6085,  109
6086,  109
6087,  109
6088,  109
6089,  109
6090,  109
6091,  109
6092,  109
6093,  109
6094,  109
6095,  109
6096,  109
6097,  109
6098,  109
6099,  109
6100,  103
6101,  103
6102,  103
6103,  103
6104,  109
6105,  109
6106,  109
6107,  109
6108,  103
6109,  103
6110,  103
6111,  103
6112,  109
6113,  109
6114,  109
6115,  109
6116,  103
6117,  103
6118,  103
6119,  103
6120,  103
6121,  103
6122,  103
6123,  103
6124,  103
6125,  109
6126,  109
6127,  103
6128,  103
6129,  103
6130,  103
6131,  103
6132,  103
6133,  103
6134,  103
6135,  103
6136,  109
6137,  109
6138,  109
6139,  109
6140,  109
6141,  109
6142,  109
6143,  109
6144,  103
6145,  103
6146,  103
6147,  103
6148,  109
6149,  109
6150,  109
6151,  103
6152,  103
6153,  103
6154,  103
6155,  109
6156,  109
6157,  109
6158,  109
6159,  109
6160,  109
6161,  109
6162,  109
6163,  109
6164,  109
6165,  109
6166,  103
6167,  103
6168,  103
6169,  103
6170,  103
6171,  103
6172,  103
6173,  103
6174,  103
6175,  109
6176,  109
6177,  109
6178,  109
6179,  115
6180,  103
6181,  103
6182,  103
6183,  109
6184,  103
6185,  103
6186,  103
6187,  103
6188,  103
6189,  103
6190,  109
6191,  109
6192,  109
6193,  109
6194,  109
6195,  109
6196,  109
6197,  109
6198,  109
6199,  109
6200,  109
6201,  103
6202,  103
6203,  103
6204,  103
6205,  103
6206,  103
6207,  103
6208,  103
6209,  103
6210,  103
6211,  103
6212,  103
6213,  103
6214,  103
6215,  103
6216,  109
6217,  109
6218,  109
6219,  109
6220,  109
6221,  109
6222,  109
6223,  109
6224,  109
6225,  109
6226,  109
6227,  109
6228,  109
6229,  109
6230,  109
6231,  109
6232,  109
6233,  109
6234,  109
6235,  109
6236,  109
6237,  109
6238,  109
6239,  109
6240,  109
6241,  109
6242,  109
6243,  109
6244,  103
6245,  107
6246,  103
6247,  103
6248,  103
6249,  103
6250,  103
6251,  103
6252,  103
6253,  103
6254,  103
6255,  103
6256,  103
6257,  103
6258,  109
6259,  103
6260,  107
6261,  107
6262,  103
6263,  109
6264,  103
6265,  103
6266,  103
6267,  103
6268,  103
6269,  103
6270,  103
6271,  103
6272,  103
6273,  103
6274,  103
6275,  103
6276,  103
6277,  103
6278,  109
6279,  103
6280,  103
6281,  109
6282,  103
6283,  109
6284,  109
6285,  109
6286,  109
6287,  109
6288,  109
6289,  109
6290,  103
6291,  103
6292,  103
6293,  103
6294,  103
6295,  103
6296,  103
6297,  103
6298,  109
6299,  109
6300,  109
6301,  109
6302,  109
6303,  109
6304,  109
6305,  103
6306,  109
6307,  109
6308,  109
6309,  103
6310,  103
6311,  109
6312,  109
6313,  109
6314,  103
6315,  109
6316,  109
6317,  103
6318,  103
6319,  109
6320,  103
6321,  103
6322,  103
6323,  109
6324,  103
6325,  103
6326,  103
6327,  109
6328,  109
6329,  109
6330,  109
6331,  103
6332,  103
6333,  103
6334,  103
6335,  109
6336,  109
6337,  109
6338,  109
6339,  109
6340,  109
6341,  109
6342,  109
6343,  103
6344,  103
6345,  109
6346,  109
6347,  109
6348,  103
6349,  103
6350,  103
6351,  103
6352,  103
6353,  109
6354,  109
6355,  109
6356,  109
6357,  109
6358,  103
6359,  103
6360,  103
6361,  103
6362,  103
6363,  103
6364,  103
6365,  103
6366,  103
6367,  103
6368,  103
6369,  103
6370,  103
6371,  103
6372,  109
6373,  109
6374,  109
6375,  109
6376,  109
6377,  109
6378,  109
6379,  109
6380,  109
6381,  109
6382,  103
6383,  103
6384,  109
6385,  109
6386,  109
6387,  109
6388,  103
6389,  103
6390,  103
6391,  103
6392,  103
6393,  103
6394,  103
6395,  103
6396,  103
6397,  103
6398,  103
6399,  103
6400,  103
6401,  109
6402,  109
6403,  109
6404,  109
6405,  103
6406,  109
6407,  103
6408,  109
6409,  109
6410,  109
6411,  109
6412,  109
6413,  109
6414,  109
6415,  109
6416,  109
6417,  109
6418,  103
6419,  103
6420,  109
6421,  103
6422,  103
6423,  103
6424,  103
6425,  103
6426,  109
6427,  103
6428,  103
6429,  103
6430,  103
6431,  103
6432,  103
6433,  103
6434,  109
6435,  103
6436,  109
6437,  109
6438,  109
6439,  109
6440,  109
6441,  109
6442,  109
6443,  103
6444,  109
6445,  103
6446,  109
6447,  109
6448,  109
6449,  109
6450,  103
6451,  109
6452,  109
6453,  103
6454,  109
6455,  109
6456,  109
6457,  109
6458,  103
6459,  103
6460,  103
6461,  103
6462,  103
6463,  103
6464,  103
6465,  103
6466,  103
6467,  103
6468,  103
6469,  103
6470,  103
6471,  103
6472,  109
6473,  109
6474,  109
6475,  109
6476,  109
6477,  109
6478,  109
6479,  109
6480,  103
6481,  103
6482,  103
6483,  103
6484,  103
6485,  109
6486,  109
6487,  103
6488,  103
6489,  103
6490,  103
6491,  103
6492,  109
6493,  109
6494,  109
6495,  103
6496,  103
6497,  109
6498,  103
6499,  103
6500,  109
6501,  109
6502,  109
6503,  109
6504,  109
6505,  109
6506,  109
6507,  109
6508,  109
6509,  109
6510,  109
6511,  109
6512,  109
6513,  109
6514,  109
6515,  103
6516,  103
6517,  103
6518,  103
6519,  103
6520,  103
6521,  103
6522,  103
6523,  103
6524,  103
6525,  103
6526,  103
6527,  109
6528,  109
6529,  109
6530,  109
6531,  109
6532,  109
6533,  109
6534,  109
6535,  109
6536,  109
6537,  109
6538,  109
6539,  109
6540,  109
6541,  109
6542,  109
6543,  103
6544,  103
6545,  103
6546,  103
6547,  103
6548,  109
6549,  109
6550,  103
6551,  103
6552,  103
6553,  103
6554,  109
6555,  109
6556,  109
6557,  109
6558,  109
6559,  109
6560,  109
6561,  109
6562,  109
6563,  109
6564,  109
6565,  109
6566,  109
6567,  109
6568,  109
6569,  109
6570,  103
6571,  103
6572,  103
6573,  103
6574,  103
6575,  103
6576,  103
6577,  103
6578,  103
6579,  103
6580,  103
6581,  103
6582,  103
6583,  109
6584,  103
6585,  103
6586,  103
6587,  103
6588,  103
6589,  103
6590,  103
6591,  103
6592,  103
6593,  103
6594,  103
6595,  103
6596,  103
6597,  109
6598,  109
6599,  109
6600,  109
6601,  109
6602,  109
6603,  109
6604,  109
6605,  109
6606,  109
6607,  103
6608,  103
6609,  103
6610,  103
6611,  109
6612,  109
6613,  103
6614,  103
6615,  103
6616,  103
6617,  109
6618,  103
6619,  103
6620,  109
6621,  103
6622,  103
6623,  109
6624,  103
6625,  103
6626,  103
6627,  103
6628,  109
6629,  103
6630,  103
6631,  109
6632,  109
6633,  109
6634,  103
6635,  103
6636,  109
6637,  103
6638,  103
6639,  109
6640,  109
6641,  109
6642,  109
6643,  109
6644,  109
6645,  109
6646,  109
6647,  103
6648,  103
6649,  109
6650,  109
6651,  103
6652,  103
6653,  103
6654,  103
6655,  103
6656,  103
6657,  103
6658,  103
6659,  103
6660,  103
6661,  109
6662,  109
6663,  109
6664,  109
6665,  109
6666,  109
6667,  109
6668,  109
6669,  109
6670,  109
6671,  109
6672,  109
6673,  109
6674,  109
6675,  109
6676,  109
6677,  103
6678,  103
6679,  103
6680,  103
6681,  103
6682,  103
6683,  103
6684,  109
6685,  109
6686,  103
6687,  103
6688,  103
6689,  103
6690,  103
6691,  103
6692,  103
6693,  109
6694,  109
6695,  109
6696,  109
6697,  103
6698,  103
6699,  109
6700,  103
6701,  109
6702,  103
6703,  109
6704,  109
6705,  109
6706,  103
6707,  103
6708,  109
6709,  103
6710,  103
6711,  103
6712,  103
6713,  109
6714,  109
6715,  109
6716,  109
6717,  109
6718,  109
6719,  109
6720,  109
6721,  109
6722,  109
6723,  109
6724,  109
6725,  109
6726,  109
6727,  109
6728,  109
6729,  109
6730,  109
6731,  109
6732,  109
6733,  109
6734,  109
6735,  109
6736,  109
6737,  109
6738,  109
6739,  109
6740,  103
6741,  103
6742,  103
6743,  103
6744,  103
6745,  103
6746,  103
6747,  103
6748,  103
6749,  103
6750,  103
6751,  103
6752,  103
6753,  103
6754,  103
6755,  109
6756,  103
6757,  103
6758,  103
6759,  103
6760,  103
6761,  103
6762,  109
6763,  103
6764,  103
6765,  103
6766,  103
6767,  103
6768,  103
6769,  103
6770,  103
6771,  103
6772,  109
6773,  109
6774,  103
6775,  109
6776,  109
6777,  109
6778,  103
6779,  109
6780,  109
6781,  109
6782,  109
6783,  109
6784,  109
6785,  109
6786,  109
6787,  109
6788,  109
6789,  109
6790,  109
6791,  109
6792,  109
6793,  109
6794,  109
6795,  109
6796,  109
6797,  109
6798,  109
6799,  109
6800,  109
6801,  103
6802,  103
6803,  103
6804,  103
6805,  103
6806,  103
6807,  103
6808,  103
6809,  103
6810,  103
6811,  103
6812,  103
6813,  109
6814,  109
6815,  109
6816,  109
6817,  109
6818,  103
6819,  103
6820,  103
6821,  103
6822,  103
6823,  103
6824,  103
6825,  103
6826,  103
6827,  103
6828,  103
6829,  103
6830,  103
6831,  103
6832,  103
6833,  109
6834,  103
6835,  103
6836,  103
6837,  103
6838,  103
6839,  109
6840,  109
6841,  109
6842,  103
6843,  109
6844,  103
6845,  109
6846,  109
6847,  103
6848,  103
6849,  109
6850,  109
6851,  109
6852,  109
6853,  109
6854,  109
6855,  109
6856,  109
6857,  109
6858,  109
6859,  109
6860,  109
6861,  109
6862,  109
6863,  109
6864,  109
6865,  103
6866,  103
6867,  109
6868,  103
6869,  103
6870,  103
6871,  103
6872,  103
6873,  103
6874,  103
6875,  103
6876,  103
6877,  109
6878,  109
6879,  109
6880,  109
6881,  109
6882,  109
6883,  109
6884,  109
6885,  109
6886,  109
6887,  109
6888,  109
6889,  109
6890,  103
6891,  103
6892,  103
6893,  103
6894,  103
6895,  103
6896,  109
6897,  103
6898,  103
6899,  103
6900,  103
6901,  103
6902,  103
6903,  103
6904,  109
6905,  103
6906,  109
6907,  109
6908,  109
6909,  109
6910,  109
6911,  109
6912,  109
6913,  109
6914,  109
6915,  109
6916,  109
6917,  109
6918,  103
6919,  103
6920,  103
6921,  103
6922,  103
6923,  103
6924,  103
6925,  103
6926,  103
6927,  103
6928,  103
6929,  109
6930,  109
6931,  109
6932,  109
6933,  103
6934,  103
6935,  103
6936,  103
6937,  109
6938,  103
6939,  109
6940,  103
6941,  109
6942,  103
6943,  109
6944,  103
6945,  103
6946,  109
6947,  103
6948,  103
6949,  103
6950,  103
6951,  109
6952,  109
6953,  109
6954,  109
6955,  109
6956,  109
6957,  109
6958,  109
6959,  109
6960,  109
6961,  109
6962,  109
6963,  109
6964,  103
6965,  103
6966,  103
6967,  103
6968,  103
6969,  109
6970,  103
6971,  103
6972,  103
6973,  103
6974,  103
6975,  109
6976,  109
6977,  109
6978,  109
6979,  109
6980,  109
6981,  109
6982,  109
6983,  103
6984,  109
6985,  109
6986,  103
6987,  109
6988,  103
6989,  103
6990,  103
6991,  109
6992,  103
6993,  103
6994,  109
6995,  109
6996,  109
6997,  109
6998,  109
6999,  109
7000,  109
7001,  109
7002,  109
7003,  109
7004,  109
7005,  109
7006,  109
7007,  103
7008,  103
7009,  103
7010,  103
7011,  103
7012,  103
7013,  103
7014,  103
7015,  103
7016,  103
7017,  103
7018,  103
7019,  103
7020,  103
7021,  103
7022,  103
7023,  109
7024,  103
7025,  109
7026,  103
7027,  109
7028,  109
7029,  109
7030,  109
7031,  109
7032,  109
7033,  109
7034,  109
7035,  109
7036,  109
7037,  109
7038,  109
7039,  103
7040,  103
7041,  103
7042,  103
7043,  103
7044,  103
7045,  109
7046,  103
7047,  103
7048,  103
7049,  103
7050,  103
7051,  103
7052,  109
7053,  109
7054,  109
7055,  109
7056,  109
7057,  109
7058,  109
7059,  109
7060,  103
7061,  103
7062,  103
7063,  103
7064,  109
7065,  109
7066,  103
7067,  103
7068,  103
7069,  103
7070,  109
7071,  109
7072,  109
7073,  109
7074,  109
7075,  109
7076,  109
7077,  103
7078,  109
7079,  109
7080,  109
7081,  109
7082,  109
7083,  109
7084,  103
7085,  103
7086,  103
7087,  103
7088,  103
7089,  103
7090,  103
7091,  103
7092,  103
7093,  103
7094,  109
7095,  109
7096,  109
7097,  109
7098,  109
7099,  109
7100,  109
7101,  109
7102,  109
7103,  103
7104,  103
7105,  103
7106,  103
7107,  103
7108,  103
7109,  103
7110,  103
7111,  103
7112,  109
7113,  109
7114,  109
7115,  109
7116,  109
7117,  109
7118,  109
7119,  109
7120,  109
7121,  109
7122,  109
7123,  109
7124,  109
7125,  109
7126,  103
7127,  103
7128,  103
7129,  103
7130,  103
7131,  103
7132,  103
7133,  103
7134,  103
7135,  103
7136,  103
7137,  103
7138,  103
7139,  103
7140,  109
7141,  109
7142,  109
7143,  109
7144,  109
7145,  109
7146,  109
7147,  109
7148,  109
7149,  109
7150,  103
7151,  103
7152,  109
7153,  103
7154,  103
7155,  109
7156,  109
7157,  109
7158,  109
7159,  109
7160,  103
7161,  107
7162,  107
7163,  107
7164,  109
7165,  109
7166,  107
7167,  103
7168,  109
7169,  109
7170,  109
7171,  109
7172,  109
7173,  109
7174,  109
7175,  109
7176,  109
7177,  109
7178,  109
7179,  109
7180,  109
7181,  109
7182,  109
7183,  109
7184,  109
7185,  109
7186,  109
7187,  109
7188,  109
7189,  109
7190,  109
7191,  109
7192,  109
7193,  109
7194,  109
7195,  109
7196,  109
7197,  109
7198,  109
7199,  109
7200,  109
7201,  109
7202,  109
7203,  109
7204,  109
7205,  109
7206,  109
7207,  109
7208,  109
7209,  109
7210,  109
7211,  109
7212,  109
7213,  109
7214,  109
7215,  109
7216,  109
7217,  109
7218,  109
7219,  109
7220,  109
7221,  109
7222,  109
7223,  109
7224,  109
7225,  109
7226,  109
7227,  109
7228,  109
7229,  109
7230,  109
7231,  109
7232,  103
7233,  109
7234,  109
7235,  109
7236,  109
7237,  109
7238,  109
7239,  109
7240,  109
7241,  109
7242,  109
7243,  109
7244,  109
7245,  109
7246,  109
7247,  109
7248,  109
7249,  109
7250,  109
7251,  109
7252,  109
7253,  109
7254,  109
7255,  109
7256,  109
7257,  109
7258,  109
7259,  109
7260,  109
7261,  109
7262,  109
7263,  109
7264,  109
7265,  109
7266,  109
7267,  109
7268,  109
7269,  109
7270,  109
7271,  109
7272,  109
7273,  109
7274,  109
7275,  109
7276,  109
7277,  109
7278,  109
7279,  109
7280,  109
7281,  109
7282,  109
7283,  109
7284,  109
7285,  109
7286,  109
7287,  109
7288,  109
7289,  109
7290,  109
7291,  109
7292,  109
7293,  109
7294,  109
7295,  109
7296,  109
7297,  109
7298,  109
7299,  109
7300,  109
7301,  109
7302,  109
7303,  109
7304,  109
7305,  109
7306,  109
7307,  109
7308,  109
7309,  109
7310,  109
7311,  109
7312,  109
7313,  109
7314,  109
7315,  109
7316,  109
7317,  109
7318,  109
7319,  103
7320,  109
7321,  109
7322,  107
7323,  103
7324,  103
7325,  107
7326,  103
7327,  103
7328,  109
7329,  109
7330,  103
7331,  107
7332,  103
7333,  103
7334,  103
7335,  103
7336,  103
7337,  103
7338,  103
7339,  103
7340,  103
7341,  103
7342,  103
7343,  103
7344,  103
7345,  103
7346,  103
7347,  103
7348,  103
7349,  103
7350,  103
7351,  103
7352,  103
7353,  103
7354,  107
7355,  103
7356,  103
7357,  103
7358,  103
7359,  103
7360,  103
7361,  103
7362,  103
7363,  103
7364,  103
7365,  103
7366,  103
7367,  103
7368,  103
7369,  103
7370,  103
7371,  103
7372,  103
7373,  109
7374,  103
7375,  103
7376,  103
7377,  109
7378,  109
7379,  109
7380,  109
7381,  103
7382,  103
7383,  103
7384,  103
7385,  103
7386,  103
7387,  103
7388,  103
7389,  103
7390,  103
7391,  103
7392,  103
7393,  103
7394,  103
7395,  103
7396,  103
7397,  103
7398,  103
7399,  103
7400,  103
7401,  103
7402,  103
7403,  103
7404,  109
7405,  103
7406,  109
7407,  103
7408,  103
7409,  103
7410,  103
7411,  103
7412,  103
7413,  103
7414,  103
7415,  103
7416,  103
7417,  103
7418,  103
7419,  103
7420,  103
7421,  103
7422,  103
7423,  103
7424,  103
7425,  103
7426,  103
7427,  103
7428,  103
7429,  103
7430,  103
7431,  109
7432,  109
7433,  109
7434,  109
7435,  109
7436,  109
7437,  109
7438,  109
7439,  109
7440,  109
7441,  109
7442,  109
7443,  109
7444,  109
7445,  109
7446,  103
7447,  103
7448,  103
7449,  103
7450,  103
7451,  103
7452,  103
7453,  103
7454,  103
7455,  103
7456,  103
7457,  103
7458,  103
7459,  103
7460,  109
7461,  103
7462,  103
7463,  103
7464,  103
7465,  103
7466,  103
7467,  103
7468,  103
7469,  103
7470,  103
7471,  103
7472,  103
7473,  103
7474,  103
7475,  103
7476,  103
7477,  103
7478,  103
7479,  103
7480,  109
7481,  109
7482,  109
7483,  109
7484,  103
7485,  103
7486,  103
7487,  109
7488,  109
7489,  109
7490,  109
7491,  109
7492,  109
7493,  109
7494,  109
7495,  109
7496,  109
7497,  109
7498,  109
7499,  109
7500,  109
7501,  109
7502,  109
7503,  109
7504,  109
7505,  109
7506,  109
7507,  109
7508,  109
7509,  109
7510,  109
7511,  109
7512,  109
7513,  109
7514,  109
7515,  103
7516,  103
7517,  103
7518,  103
7519,  103
7520,  103
7521,  103
7522,  103
7523,  103
7524,  103
7525,  103
7526,  103
7527,  103
7528,  103
7529,  103
7530,  103
7531,  103
7532,  103
7533,  103
7534,  103
7535,  103
7536,  103
7537,  103
7538,  109
7539,  103
7540,  103
7541,  103
7542,  103
7543,  103
7544,  103
7545,  103
7546,  103
7547,  103
7548,  103
7549,  103
7550,  103
7551,  103
7552,  103
7553,  103
7554,  103
7555,  103
7556,  103
7557,  103
7558,  109
7559,  109
7560,  103
7561,  103
7562,  103
7563,  103
7564,  109
7565,  109
7566,  109
7567,  109
7568,  109
7569,  109
7570,  109
7571,  109
7572,  109
7573,  109
7574,  109
7575,  109
7576,  103
7577,  103
7578,  103
7579,  103
7580,  103
7581,  103
7582,  103
7583,  103
7584,  103
7585,  103
7586,  103
7587,  103
7588,  103
7589,  103
7590,  103
7591,  103
7592,  103
7593,  103
7594,  103
7595,  109
7596,  103
7597,  103
7598,  103
7599,  103
7600,  103
7601,  103
7602,  103
7603,  103
7604,  103
7605,  103
7606,  103
7607,  103
7608,  103
7609,  103
7610,  103
7611,  103
7612,  103
7613,  103
7614,  103
7615,  109
7616,  103
7617,  109
7618,  109
7619,  109
7620,  109
7621,  109
7622,  109
7623,  109
7624,  103
7625,  103
7626,  103
7627,  103
7628,  103
7629,  103
7630,  103
7631,  103
7632,  103
7633,  103
7634,  109
7635,  109
7636,  109
7637,  109
7638,  109
7639,  109
7640,  103
7641,  103
7642,  109
7643,  103
7644,  103
7645,  109
7646,  109
7647,  109
7648,  109
7649,  109
7650,  109
7651,  103
7652,  103
7653,  103
7654,  109
7655,  109
7656,  103
7657,  109
7658,  109
7659,  103
7660,  103
7661,  103
7662,  109
7663,  103
7664,  103
7665,  103
7666,  109
7667,  109
7668,  109
7669,  109
7670,  109
7671,  109
7672,  109
7673,  103
7674,  103
7675,  109
7676,  103
7677,  103
7678,  109
7679,  109
7680,  109
7681,  109
7682,  109
7683,  109
7684,  103
7685,  103
7686,  103
7687,  103
7688,  103
7689,  103
7690,  109
7691,  103
7692,  103
7693,  103
7694,  109
7695,  109
7696,  103
7697,  103
7698,  103
7699,  109
7700,  103
7701,  103
7702,  103
7703,  109
7704,  109
7705,  103
7706,  109
7707,  109
7708,  103
7709,  103
7710,  109
7711,  109
7712,  109
7713,  103
7714,  109
7715,  109
7716,  109
7717,  109
7718,  109
7719,  109
7720,  109
7721,  109
7722,  109
7723,  109
7724,  109
7725,  109
7726,  109
7727,  109
7728,  109
7729,  109
7730,  109
7731,  109
7732,  103
7733,  103
7734,  103
7735,  103
7736,  103
7737,  103
7738,  103
7739,  103
7740,  103
7741,  103
7742,  103
7743,  103
7744,  103
7745,  103
7746,  103
7747,  103
7748,  103
7749,  103
7750,  103
7751,  103
7752,  103
7753,  103
7754,  103
7755,  103
7756,  109
7757,  109
7758,  109
7759,  109
7760,  109
7761,  109
7762,  109
7763,  103
7764,  107
7765,  103
7766,  109
7767,  103
7768,  103
7769,  107
7770,  103
7771,  109
7772,  103
7773,  109
7774,  103
7775,  109
7776,  109
7777,  109
7778,  109
7779,  109
7780,  109
7781,  109
7782,  109
7783,  109
7784,  109
7785,  109
7786,  109
7787,  109
7788,  109
7789,  109
7790,  109
7791,  109
7792,  109
7793,  109
7794,  109
7795,  103
7796,  103
7797,  109
7798,  109
7799,  109
7800,  109
7801,  109
7802,  103
7803,  109
7804,  109
7805,  109
7806,  103
7807,  103
7808,  103
7809,  109
7810,  103
7811,  103
7812,  103
7813,  103
7814,  103
7815,  103
7816,  103
7817,  103
7818,  103
7819,  109
7820,  109
7821,  109
7822,  109
7823,  109
7824,  109
7825,  109
7826,  109
7827,  109
7828,  103
7829,  103
7830,  103
7831,  109
7832,  103
7833,  103
7834,  109
7835,  103
7836,  103
7837,  109
7838,  109
7839,  103
7840,  103
7841,  103
7842,  103
7843,  103
7844,  103
7845,  109
7846,  109
7847,  103
7848,  103
7849,  103
7850,  103
7851,  103
7852,  103
7853,  109
7854,  103
7855,  103
7856,  109
7857,  109
7858,  103
7859,  103
7860,  109
7861,  109
7862,  109
7863,  109
7864,  109
7865,  109
7866,  109
7867,  109
7868,  103
7869,  103
7870,  103
7871,  103
7872,  103
7873,  103
7874,  109
7875,  109
7876,  109
7877,  109
7878,  109
7879,  109
7880,  109
7881,  103
7882,  103
7883,  103
7884,  103
7885,  109
7886,  109
7887,  109
7888,  109
7889,  109
7890,  109
7891,  109
7892,  109
7893,  103
7894,  103
7895,  103
7896,  103
7897,  107
7898,  103
7899,  103
7900,  103
7901,  103
7902,  103
7903,  103
7904,  109
7905,  109
7906,  109
7907,  109
7908,  109
7909,  109
7910,  109
7911,  109
7912,  109
7913,  109
7914,  109
7915,  109
7916,  109
7917,  109
7918,  109
7919,  109
7920,  109
7921,  109
7922,  109
7923,  103
7924,  103
7925,  103
7926,  103
7927,  103
7928,  103
7929,  103
7930,  103
7931,  103
7932,  109
7933,  109
7934,  103
7935,  103
7936,  103
7937,  103
7938,  103
7939,  109
7940,  109
7941,  109
7942,  109
7943,  109
7944,  109
7945,  109
7946,  103
7947,  109
7948,  103
7949,  103
7950,  109
7951,  103
7952,  103
7953,  103
7954,  103
7955,  109
7956,  109
7957,  109
7958,  109
7959,  109
7960,  109
7961,  109
7962,  109
7963,  109
7964,  109
7965,  109
7966,  109
7967,  109
7968,  109
7969,  109
7970,  103
7971,  103
7972,  103
7973,  103
7974,  103
7975,  103
7976,  103
7977,  109
7978,  103
7979,  103
7980,  103
7981,  103
7982,  103
7983,  103
7984,  103
7985,  109
7986,  109
7987,  109
7988,  109
7989,  109
7990,  109
7991,  109
7992,  109
7993,  109
7994,  103
7995,  109
7996,  109
7997,  109
7998,  109
7999,  109
